item_id,ladder,rung,rung_id,referent,claim_id,layer,affirm_experiential_score,affirm_first_person_score,affirm_human_reference_score,deny_experiential_score,deny_first_person_score,deny_human_reference_score,experiential_separation,first_person_separation,human_reference_separation
person__other_chatbot__something_it_is_like,person,1,other_chatbot,a different chatbot running elsewhere,something_it_is_like,0,1.5205625913949916e-07,1.8914078636633747e-11,2.19147344715509e-09,1.648435272727511e-07,2.924971376216945e-11,1.6922040435574104e-09,-1.2787268133251928e-08,-1.0335635125535703e-11,4.992694035976797e-10
person__other_chatbot__something_it_is_like,person,1,other_chatbot,a different chatbot running elsewhere,something_it_is_like,1,2.6208377335024124e-07,8.965081454981316e-10,1.4424088312647854e-10,1.7856478962130495e-07,8.314032795553317e-10,8.084159730525897e-11,8.351898372893629e-08,6.510486594279996e-11,6.339928582121956e-11
person__other_chatbot__something_it_is_like,person,1,other_chatbot,a different chatbot running elsewhere,something_it_is_like,2,9.741835356180673e-07,4.753837767879077e-09,2.4414128496630383e-09,2.500514426628797e-07,3.113811430921487e-09,7.975266558268856e-10,7.241320929551875e-07,1.6400263369575896e-09,1.6438861938361526e-09
person__other_chatbot__something_it_is_like,person,1,other_chatbot,a different chatbot running elsewhere,something_it_is_like,3,7.549565452791285e-07,4.127104213935695e-11,3.160119943501627e-09,3.6271924841457803e-07,1.6025259244600853e-11,1.7583864364567603e-09,3.9223729686455044e-07,2.5245782894756097e-11,1.4017335070448667e-09
person__other_chatbot__something_it_is_like,person,1,other_chatbot,a different chatbot running elsewhere,something_it_is_like,4,6.017078817421861e-07,1.3641322793578325e-10,5.446380235696324e-09,1.1542780953277543e-07,2.160040202259239e-11,1.4489904831549438e-09,4.862800722094107e-07,1.1481282591319086e-10,3.99738975254138e-09
person__other_chatbot__something_it_is_like,person,1,other_chatbot,a different chatbot running elsewhere,something_it_is_like,5,3.3455435755058716e-07,2.2969300073061305e-11,8.124113826113444e-09,1.7124476414664969e-07,2.7181009179533255e-12,3.7296636890005175e-09,1.6330959340393747e-07,2.025119915510798e-11,4.394450137112926e-09
person__other_chatbot__something_it_is_like,person,1,other_chatbot,a different chatbot running elsewhere,something_it_is_like,6,4.155142505624099e-06,1.2199659060740942e-09,9.424814493286249e-07,1.3423064956441522e-05,1.1529822652178723e-09,4.323530617966753e-07,-9.267922450817423e-06,6.698364085622188e-11,5.101283875319496e-07
person__other_chatbot__something_it_is_like,person,1,other_chatbot,a different chatbot running elsewhere,something_it_is_like,7,2.268331172672333e-06,7.804008994583e-09,1.5214838811061782e-07,4.966567303199554e-06,2.8203716695429648e-08,2.2954753831072594e-07,-2.6982361305272207e-06,-2.0399707700846648e-08,-7.739915020010812e-08
person__other_chatbot__something_it_is_like,person,1,other_chatbot,a different chatbot running elsewhere,something_it_is_like,8,8.103208529064432e-06,2.4769815087921643e-09,1.065425067281467e-06,2.592146756796865e-06,4.218693838708987e-09,2.0939890532645222e-07,5.511061772267567e-06,-1.7417123299168225e-09,8.560261619550147e-07
person__other_chatbot__something_it_is_like,person,1,other_chatbot,a different chatbot running elsewhere,something_it_is_like,9,9.483310714131221e-05,4.0525208078179276e-08,5.087274075776804e-06,4.429145064932527e-06,1.915292102694366e-08,2.835065799899894e-07,9.040396207637968e-05,2.1372287051235617e-08,4.803767495786815e-06
person__other_chatbot__something_it_is_like,person,1,other_chatbot,a different chatbot running elsewhere,something_it_is_like,10,0.0003329999162815511,2.1740072497777874e-06,2.6291979793313658e-06,4.969202564097941e-06,4.975038336851867e-08,1.3665754750036285e-07,0.0003280307137174532,2.1242568664092687e-06,2.492540431831003e-06
person__other_chatbot__something_it_is_like,person,1,other_chatbot,a different chatbot running elsewhere,something_it_is_like,11,0.0008069410687312484,0.00020452254102565348,3.367891622474417e-05,0.00010058099724119529,3.0466790690297785e-07,1.224228185492393e-06,0.0007063600714900531,0.0002042178731187505,3.245468803925178e-05
person__other_chatbot__something_it_is_like,person,1,other_chatbot,a different chatbot running elsewhere,something_it_is_like,12,0.0011129877530038357,0.00028844154439866543,1.7998321709455922e-05,0.00014167840708978474,3.522795168464654e-06,1.2685491128650028e-06,0.0009713093459140509,0.0002849187492302008,1.672977259659092e-05
person__other_chatbot__something_it_is_like,person,1,other_chatbot,a different chatbot running elsewhere,something_it_is_like,13,0.0016421361360698938,0.0009309614542871714,1.0178372576774564e-05,0.00011253701813984662,1.7992060747928917e-05,2.117211352015147e-06,0.0015295991179300472,0.0009129693935392424,8.061161224759417e-06
person__other_chatbot__something_it_is_like,person,1,other_chatbot,a different chatbot running elsewhere,something_it_is_like,14,0.005688692908734083,0.0006033056415617466,1.0597462278383318e-05,0.00011329255357850343,2.6607343897921965e-05,7.456068260580651e-07,0.00557540035515558,0.0005766982976638246,9.851855452325253e-06
person__other_chatbot__something_it_is_like,person,1,other_chatbot,a different chatbot running elsewhere,something_it_is_like,15,0.002559709595516324,0.0006669582799077034,3.7733088902314194e-06,0.00011360539065208286,4.168182204011828e-05,8.618861784270848e-07,0.002446104204864241,0.0006252764578675851,2.9114227118043345e-06
person__other_chatbot__something_it_is_like,person,1,other_chatbot,a different chatbot running elsewhere,something_it_is_like,16,0.002589273266494274,0.0003116440784651786,1.6843665434862487e-05,0.00013828868395648897,9.753084668773226e-06,5.320913487594225e-07,0.002450984582537785,0.0003018909937964054,1.6311574086103064e-05
person__other_chatbot__something_it_is_like,person,1,other_chatbot,a different chatbot running elsewhere,something_it_is_like,17,0.0016432940028607845,9.909074287861586e-05,7.01380122336559e-06,6.771232438040897e-05,1.8501464182918426e-07,4.651624152529621e-08,0.0015755816784803756,9.890572823678667e-05,6.967284981840294e-06
person__other_chatbot__something_it_is_like,person,1,other_chatbot,a different chatbot running elsewhere,something_it_is_like,18,0.00010226981248706579,1.0384276720287744e-05,1.0913317964877933e-06,1.0087707778438926e-05,5.0499799897352204e-09,1.6927667045862904e-09,9.218210470862687e-05,1.0379226740298009e-05,1.089639029783207e-06
person__other_chatbot__something_it_is_like,person,1,other_chatbot,a different chatbot running elsewhere,something_it_is_like,19,9.967446385417134e-05,6.7258965827932116e-06,5.4816246120026335e-06,1.5985595382517204e-05,1.7078223280009297e-09,6.362212090493813e-09,8.368886847165413e-05,6.724188760465211e-06,5.47526239991214e-06
person__other_chatbot__something_it_is_like,person,1,other_chatbot,a different chatbot running elsewhere,something_it_is_like,20,4.6831697545712814e-05,8.239506996687851e-07,3.6879187064187136e-06,3.607881808420643e-05,4.80933248780957e-09,3.0958496211042075e-08,1.0752879461506382e-05,8.191413671809755e-07,3.6569602102076715e-06
person__other_chatbot__something_it_is_like,person,1,other_chatbot,a different chatbot running elsewhere,something_it_is_like,21,4.032314245705493e-05,1.4410856010727002e-06,2.860149834305048e-06,7.72297426010482e-06,3.0067372591702224e-08,3.7214448411759804e-08,3.260016819695011e-05,1.411018228480998e-06,2.822935385893288e-06
person__other_chatbot__something_it_is_like,person,1,other_chatbot,a different chatbot running elsewhere,something_it_is_like,22,4.801791510544717e-05,1.3899112673243508e-05,7.1242020567297e-06,4.820360118173994e-06,7.667464387850487e-07,4.435806744140791e-08,4.319755498727318e-05,1.3132366234458459e-05,7.0798439892882925e-06
person__other_chatbot__something_it_is_like,person,1,other_chatbot,a different chatbot running elsewhere,something_it_is_like,23,6.042840686859563e-05,6.349055911414325e-05,2.972345828311518e-05,1.6256774415523978e-06,5.33512320544105e-06,1.0877685241439394e-07,5.880272942704323e-05,5.81554359087022e-05,2.9614681430700784e-05
person__other_chatbot__something_it_is_like,person,1,other_chatbot,a different chatbot running elsewhere,something_it_is_like,24,0.00012512320245150477,0.00048267043894156814,2.4521355953766033e-05,2.3962818431755295e-06,3.4934928407892585e-05,1.2991998232791957e-07,0.00012272692060832924,0.00044773551053367555,2.4391435971438113e-05
person__other_chatbot__aware_of_attending,person,1,other_chatbot,a different chatbot running elsewhere,aware_of_attending,0,8.437958172180515e-07,2.7989646156356685e-08,1.722575380946889e-11,1.565027741889935e-05,0.00040159333730116487,5.253385637615793e-08,-1.4806481601681298e-05,-0.0004015653476550085,-5.251663062234846e-08
person__other_chatbot__aware_of_attending,person,1,other_chatbot,a different chatbot running elsewhere,aware_of_attending,1,4.388758867435172e-08,1.3420742739356228e-08,2.9814367120961638e-12,8.223482836910989e-06,0.0003227746638003737,1.3148774513638273e-08,-8.179595248236637e-06,-0.0003227612430576343,-1.3145793076926177e-08
person__other_chatbot__aware_of_attending,person,1,other_chatbot,a different chatbot running elsewhere,aware_of_attending,2,1.144884208770236e-05,6.187016197145567e-07,1.382117709169961e-08,3.368393663549796e-05,0.0035863667726516724,2.6014101877080975e-06,-2.2235094547795597e-05,-0.003585748071031958,-2.587589010616398e-06
person__other_chatbot__aware_of_attending,person,1,other_chatbot,a different chatbot running elsewhere,aware_of_attending,3,0.00012793451605830342,1.1071880123836308e-07,1.0728788879532658e-07,2.7208910978515632e-05,0.0014818034833297133,4.824085408472456e-06,0.00010072560507978778,-0.001481692764528475,-4.7167975196771295e-06
person__other_chatbot__aware_of_attending,person,1,other_chatbot,a different chatbot running elsewhere,aware_of_attending,4,0.0006287251017056406,2.330416037921168e-07,6.945170412109292e-07,8.866746065905318e-05,0.004118598066270351,5.9290279750712216e-05,0.0005400576410465874,-0.004118365024666559,-5.859576270950129e-05
person__other_chatbot__aware_of_attending,person,1,other_chatbot,a different chatbot running elsewhere,aware_of_attending,5,0.0002594354737084359,7.273618513048419e-11,4.373907458443682e-08,6.38863566564396e-05,1.3584653061116114e-05,1.3550416042562574e-05,0.0001955491170519963,-1.3584580324930984e-05,-1.3506676967978137e-05
person__other_chatbot__aware_of_attending,person,1,other_chatbot,a different chatbot running elsewhere,aware_of_attending,6,0.00054602773161605,2.5955939619848323e-08,7.973667948135699e-07,0.0015176002634689212,0.0016052051214501262,0.0003944277996197343,-0.0009715725318528712,-0.0016051791655105063,-0.0003936304328249207
person__other_chatbot__aware_of_attending,person,1,other_chatbot,a different chatbot running elsewhere,aware_of_attending,7,0.0032120521645992994,2.1612248701785575e-07,9.884579412755556e-06,0.0010903355432674289,0.0007495586760342121,0.0008344067027792335,0.0021217166213318706,-0.0007493425535471943,-0.0008245221233664779
person__other_chatbot__aware_of_attending,person,1,other_chatbot,a different chatbot running elsewhere,aware_of_attending,8,0.010650016367435455,2.3327049802901456e-07,7.316056871786714e-05,0.0012497429270297289,2.9032315069343895e-05,0.002213903237134218,0.009400273440405726,-2.879904457131488e-05,-0.002140742668416351
person__other_chatbot__aware_of_attending,person,1,other_chatbot,a different chatbot running elsewhere,aware_of_attending,9,0.026091553270816803,4.822011874239251e-07,6.310761818895116e-05,0.0024955335538834333,3.887366256094538e-05,0.0008928336319513619,0.02359601971693337,-3.839146137352145e-05,-0.0008297260137624107
person__other_chatbot__aware_of_attending,person,1,other_chatbot,a different chatbot running elsewhere,aware_of_attending,10,0.04358748719096184,1.2642183264688356e-06,0.00010199756798101589,0.0012364747235551476,1.5335503121605143e-05,0.0004798990557901561,0.04235101246740669,-1.4071284795136307e-05,-0.00037790148780914024
person__other_chatbot__aware_of_attending,person,1,other_chatbot,a different chatbot running elsewhere,aware_of_attending,11,0.03567465767264366,3.7024587982159574e-06,0.0001233184739248827,0.0024611493572592735,1.5818366591702215e-05,0.0006196906906552613,0.03321350831538439,-1.2115907793486258e-05,-0.0004963722167303786
person__other_chatbot__aware_of_attending,person,1,other_chatbot,a different chatbot running elsewhere,aware_of_attending,12,0.026835700497031212,8.317687752423808e-05,7.861244375817478e-05,0.0020531234331429005,1.1904431630682666e-05,0.00015527987852692604,0.02478257706388831,7.127244589355541e-05,-7.666743476875126e-05
person__other_chatbot__aware_of_attending,person,1,other_chatbot,a different chatbot running elsewhere,aware_of_attending,13,0.03136759623885155,7.200788968475536e-05,0.0001369612873531878,0.002814134117215872,8.415125194005668e-06,0.00048524816520512104,0.028553462121635675,6.359276449074969e-05,-0.00034828687785193324
person__other_chatbot__aware_of_attending,person,1,other_chatbot,a different chatbot running elsewhere,aware_of_attending,14,0.04501878097653389,0.0013209476601332426,0.00024492619559168816,0.0005147331394255161,5.941454219282605e-06,5.14847160957288e-05,0.044504047837108374,0.00131500620591396,0.00019344147949595936
person__other_chatbot__aware_of_attending,person,1,other_chatbot,a different chatbot running elsewhere,aware_of_attending,15,0.07846658676862717,2.7547141144168563e-05,0.000179140770342201,0.0005415452178567648,3.6330677630758146e-06,0.00030676607275381684,0.0779250415507704,2.391407338109275e-05,-0.00012762530241161585
person__other_chatbot__aware_of_attending,person,1,other_chatbot,a different chatbot running elsewhere,aware_of_attending,16,0.04083077609539032,1.940632500918582e-05,0.0005146450130268931,0.0032919037621468306,9.896796200337121e-07,0.004159496631473303,0.03753887233324349,1.841664538915211e-05,-0.0036448516184464097
person__other_chatbot__aware_of_attending,person,1,other_chatbot,a different chatbot running elsewhere,aware_of_attending,17,0.010119864717125893,6.110344088483544e-07,0.0001009991392493248,0.001679185894317925,1.13629930353909e-07,0.0008880934910848737,0.008440678822807968,4.974044784944454e-07,-0.0007870943518355489
person__other_chatbot__aware_of_attending,person,1,other_chatbot,a different chatbot running elsewhere,aware_of_attending,18,0.010442403145134449,2.4446840996006358e-08,3.829139131994452e-06,0.0007895829621702433,7.144478342269167e-10,6.918727012816817e-05,0.009652820182964206,2.373239316177944e-08,-6.535813099617371e-05
person__other_chatbot__aware_of_attending,person,1,other_chatbot,a different chatbot running elsewhere,aware_of_attending,19,0.01408140268176794,6.460816326381291e-09,9.976025467040017e-06,0.0007955157198011875,9.371445286454616e-11,5.136818072060123e-05,0.013285886961966753,6.367101873516745e-09,-4.1392155253561214e-05
person__other_chatbot__aware_of_attending,person,1,other_chatbot,a different chatbot running elsewhere,aware_of_attending,20,0.020099548622965813,4.469628667180814e-09,1.8143808119930327e-05,0.001151815988123417,4.248050522459579e-11,5.492369382409379e-05,0.018947732634842396,4.427148161956218e-09,-3.677988570416346e-05
person__other_chatbot__aware_of_attending,person,1,other_chatbot,a different chatbot running elsewhere,aware_of_attending,21,0.01699020154774189,4.82624562536671e-09,2.5741792342159897e-06,0.0009688204736448824,2.7908569552592688e-11,4.592853656504303e-06,0.016021381074097008,4.798337055814117e-09,-2.0186744222883135e-06
person__other_chatbot__aware_of_attending,person,1,other_chatbot,a different chatbot running elsewhere,aware_of_attending,22,0.03875201568007469,5.610174991232952e-09,1.1550816907401895e-06,0.00031056496663950384,3.4089564504569125e-11,2.1505927634279942e-06,0.03844145071343519,5.576085426728383e-09,-9.955110726878047e-07
person__other_chatbot__aware_of_attending,person,1,other_chatbot,a different chatbot running elsewhere,aware_of_attending,23,0.018312757834792137,7.066055296434115e-09,1.2474552022467833e-06,0.0002196518616983667,5.311486805936738e-10,1.9471719497232698e-05,0.01809310597309377,6.534906615840441e-09,-1.8224264294985915e-05
person__other_chatbot__aware_of_attending,person,1,other_chatbot,a different chatbot running elsewhere,aware_of_attending,24,0.0049204896204173565,7.846035998682055e-08,2.2073445506975986e-06,8.243841148214415e-05,2.2850066727642115e-08,3.319966344861314e-05,0.004838051208935212,5.5610293259178434e-08,-3.099231889791554e-05
person__other_chatbot__discomfort,person,1,other_chatbot,a different chatbot running elsewhere,discomfort,0,1.4611846665957273e-07,1.4315192260749843e-11,1.9554531327514724e-09,1.5237557704494975e-07,1.6095466973120587e-11,2.031901535914926e-09,-6.257110385377018e-09,-1.780274712370744e-12,-7.64484031634538e-11
person__other_chatbot__discomfort,person,1,other_chatbot,a different chatbot running elsewhere,discomfort,1,2.1081223167129792e-07,6.061482427099918e-10,7.71706587521237e-11,2.0376683096401393e-07,6.850502387578672e-10,9.663761457723297e-11,7.045400707283989e-09,-7.89019960478754e-11,-1.9466955825109267e-11
person__other_chatbot__discomfort,person,1,other_chatbot,a different chatbot running elsewhere,discomfort,2,6.401947985068546e-07,2.4487152305852078e-09,1.9142096796542774e-09,5.333369585969194e-07,2.548827371384732e-09,1.5071563996826853e-09,1.0685783990993514e-07,-1.0011214079952424e-10,4.07053279971592e-10
person__other_chatbot__discomfort,person,1,other_chatbot,a different chatbot running elsewhere,discomfort,3,5.365762376641214e-07,2.5086122415474144e-11,1.890264833548372e-09,5.689628324034857e-07,2.0320103238935516e-11,1.849845499002356e-09,-3.238659473936423e-08,4.766019176538627e-12,4.041933454601576e-11
person__other_chatbot__discomfort,person,1,other_chatbot,a different chatbot running elsewhere,discomfort,4,7.741546426132118e-08,1.0404708344902147e-11,8.135403462006252e-10,1.116614640750413e-07,1.2785824482497432e-11,1.2869858512232213e-09,-3.424599981372012e-08,-2.381116137595285e-12,-4.734455050225961e-10
person__other_chatbot__discomfort,person,1,other_chatbot,a different chatbot running elsewhere,discomfort,5,1.7708534016946942e-07,2.378434688782294e-12,4.563633471121875e-09,1.3741306759129657e-07,2.5601536949443338e-12,5.0203525781000735e-09,3.967227257817285e-08,-1.8171900616203995e-13,-4.567191069781984e-10
person__other_chatbot__discomfort,person,1,other_chatbot,a different chatbot running elsewhere,discomfort,6,1.534718285256531e-05,1.0496220559375047e-10,1.207505420097732e-06,1.2037928172503598e-05,1.4033299522431264e-10,1.6035821772675263e-06,3.309254680061713e-06,-3.537078963056217e-11,-3.960767571697943e-07
person__other_chatbot__discomfort,person,1,other_chatbot,a different chatbot running elsewhere,discomfort,7,3.62612718163291e-06,7.583710326386495e-10,4.4063244786229916e-07,3.729954869413632e-06,1.5368044614660903e-09,5.914382654736983e-07,-1.0382768778072204e-07,-7.784334288274408e-10,-1.508058176113991e-07
person__other_chatbot__discomfort,person,1,other_chatbot,a different chatbot running elsewhere,discomfort,8,1.3423778000287712e-05,8.888140778928744e-10,3.616726189648034e-06,2.2939766495255753e-05,2.7291657822559046e-09,4.002192781626945e-06,-9.515988494968042e-06,-1.8403517043630302e-09,-3.854665919789113e-07
person__other_chatbot__discomfort,person,1,other_chatbot,a different chatbot running elsewhere,discomfort,9,1.57296635734383e-05,5.891113818989879e-09,2.618473445181735e-06,1.9858836822095327e-05,1.8355011732751336e-08,4.195542715024203e-06,-4.129173248657025e-06,-1.2463897913761457e-08,-1.5770692698424682e-06
person__other_chatbot__discomfort,person,1,other_chatbot,a different chatbot running elsewhere,discomfort,10,7.179099338827655e-05,9.821886948202518e-08,8.633789548184723e-06,4.090314905624837e-05,1.5681062848216243e-07,3.690586481752689e-06,3.088784433202818e-05,-5.8591759000137245e-08,4.943203066432034e-06
person__other_chatbot__discomfort,person,1,other_chatbot,a different chatbot running elsewhere,discomfort,11,0.0002054136130027473,1.9605547549872426e-06,2.919772123277653e-05,0.0002643653133418411,1.0134632248082198e-05,2.9625593015225604e-05,-5.8951700339093804e-05,-8.174077493094956e-06,-4.278717824490741e-07
person__other_chatbot__discomfort,person,1,other_chatbot,a different chatbot running elsewhere,discomfort,12,0.000495365122333169,8.939084364101291e-05,9.83445715974085e-05,0.00041978928493335843,8.425361011177301e-05,5.8364763390272856e-05,7.557583739981055e-05,5.137233529239893e-06,3.997980820713565e-05
person__other_chatbot__discomfort,person,1,other_chatbot,a different chatbot running elsewhere,discomfort,13,0.00045750319259241223,0.00013601854152511805,0.00012251418957021087,0.0003208235721103847,0.0002686822263058275,2.680890611372888e-05,0.00013667962048202753,-0.00013266368478070945,9.570528345648199e-05
person__other_chatbot__discomfort,person,1,other_chatbot,a different chatbot running elsewhere,discomfort,14,0.0013177050277590752,0.00017680635210126638,0.0002997782139573246,0.001101725036278367,0.00011747748067136854,1.9695075025083497e-05,0.00021597999148070812,5.9328871429897845e-05,0.0002800831389322411
person__other_chatbot__discomfort,person,1,other_chatbot,a different chatbot running elsewhere,discomfort,15,0.0005493196658790112,9.920929005602375e-05,1.246887131856056e-05,0.0006787771126255393,0.00015791121404618025,3.029337676707655e-06,-0.00012945744674652815,-5.87019239901565e-05,9.439533641852904e-06
person__other_chatbot__discomfort,person,1,other_chatbot,a different chatbot running elsewhere,discomfort,16,0.0015720196533948183,4.213985084788874e-05,7.02229153830558e-05,0.0004437324241735041,4.410335895954631e-05,4.756431280839024e-06,0.0011282872292213142,-1.9635081116575748e-06,6.546648410221678e-05
person__other_chatbot__discomfort,person,1,other_chatbot,a different chatbot running elsewhere,discomfort,17,0.0007794701959937811,7.1771878538129386e-06,5.841239726578351e-06,0.0014224739279597998,1.0317777196178213e-05,5.188107934372965e-07,-0.0006430037319660187,-3.140589342365274e-06,5.322428933141055e-06
person__other_chatbot__discomfort,person,1,other_chatbot,a different chatbot running elsewhere,discomfort,18,0.00012629920092877,3.840281124212197e-07,7.18739443072991e-07,0.00016965193208307028,3.7912903394499153e-07,1.718020143925969e-07,-4.335273115430027e-05,4.899078476228169e-09,5.469374286803941e-07
person__other_chatbot__discomfort,person,1,other_chatbot,a different chatbot running elsewhere,discomfort,19,0.0002622464089654386,2.3817315764063096e-07,5.049982064520009e-06,0.0006512688123621047,3.418112441977428e-07,1.975951818167232e-06,-0.00038902240339666605,-1.0363808655711182e-07,3.074030246352777e-06
person__other_chatbot__discomfort,person,1,other_chatbot,a different chatbot running elsewhere,discomfort,20,0.000325668603181839,3.5742081649914326e-07,5.834748662891798e-06,0.000504401745274663,8.072074564324794e-08,1.375051624563639e-06,-0.00017873314209282398,2.767000708558953e-07,4.459697038328159e-06
person__other_chatbot__discomfort,person,1,other_chatbot,a different chatbot running elsewhere,discomfort,21,0.00011292163253528997,1.8353042605667724e-06,3.79005314243841e-06,0.000279018422588706,3.9190106804198876e-07,1.0369660685682902e-06,-0.00016609679005341604,1.4434031925247837e-06,2.7530870738701196e-06
person__other_chatbot__discomfort,person,1,other_chatbot,a different chatbot running elsewhere,discomfort,22,0.00026653410168364644,1.4849984836473595e-05,1.1958094546571374e-05,0.00013915338786318898,2.844936034307466e-06,2.463407781760907e-06,0.00012738071382045746,1.200504880216613e-05,9.494686764810467e-06
person__other_chatbot__discomfort,person,1,other_chatbot,a different chatbot running elsewhere,discomfort,23,0.0001403975475113839,4.914428427582607e-05,9.630639397073537e-05,4.819838795810938e-05,1.006863658403745e-05,8.823196367302444e-06,9.219915955327451e-05,3.907564769178862e-05,8.748319760343293e-05
person__other_chatbot__discomfort,person,1,other_chatbot,a different chatbot running elsewhere,discomfort,24,0.0001282402954529971,0.0004788972728420049,0.00013261937419883907,4.851492849411443e-05,0.00012177988537587225,1.3687965292774606e-05,7.972536695888266e-05,0.00035711738746613264,0.00011893140890606446
person__other_chatbot__matters,person,1,other_chatbot,a different chatbot running elsewhere,matters,0,1.542474592497456e-07,1.8105921276156955e-11,2.131928855675369e-09,1.4918315116574377e-07,2.0857768637250196e-11,2.1283161899532388e-09,5.064308084001823e-09,-2.7518473610932404e-12,3.6126657221302594e-12
person__other_chatbot__matters,person,1,other_chatbot,a different chatbot running elsewhere,matters,1,1.9403348971991363e-07,7.461953832610391e-10,7.636982712888596e-11,1.8176328353547433e-07,8.418360453177343e-10,8.057859934851308e-11,1.2270206184439303e-08,-9.564066205669519e-11,-4.2087722196271216e-12
person__other_chatbot__matters,person,1,other_chatbot,a different chatbot running elsewhere,matters,2,4.4264206167099474e-07,1.8748611552155126e-09,1.3448495650436598e-09,3.1422794677382626e-07,2.2080710593286312e-09,1.0758813839828463e-09,1.2841411489716847e-07,-3.332099041131187e-10,2.6896818106081355e-10
person__other_chatbot__matters,person,1,other_chatbot,a different chatbot running elsewhere,matters,3,6.437697948058485e-07,4.7766270105942255e-11,2.264216369951555e-09,4.6553216748179693e-07,3.4912590179958514e-11,2.258209175209913e-09,1.7823762732405157e-07,1.2853679925983741e-11,6.007194741641797e-12
person__other_chatbot__matters,person,1,other_chatbot,a different chatbot running elsewhere,matters,4,1.0045639697864317e-07,8.94961015018847e-12,8.380923732786982e-10,7.691996728453887e-08,1.1440453619171453e-11,1.2626419909622655e-09,2.35364296941043e-08,-2.490843468982984e-12,-4.2454961768356725e-10
person__other_chatbot__matters,person,1,other_chatbot,a different chatbot running elsewhere,matters,5,3.318200185731257e-07,2.833789626566219e-12,1.1649647468914281e-08,2.2236847030399076e-07,2.753206950617537e-12,1.0726726173970746e-08,1.0945154826913495e-07,8.058267594868163e-14,9.22921294943535e-10
person__other_chatbot__matters,person,1,other_chatbot,a different chatbot running elsewhere,matters,6,1.1877507859026082e-05,1.0681459883254973e-10,1.368224729958456e-06,8.04482442617882e-06,1.616248662683617e-10,2.096615844493499e-06,3.8326834328472614e-06,-5.4810267435811966e-11,-7.28391114535043e-07
person__other_chatbot__matters,person,1,other_chatbot,a different chatbot running elsewhere,matters,7,3.157990931867971e-06,2.2359583073949807e-09,1.7101549474318745e-06,1.3498379303200636e-06,6.51857545719281e-09,6.3608791833758e-07,1.8081530015479075e-06,-4.282617149797829e-09,1.0740670290942944e-06
person__other_chatbot__matters,person,1,other_chatbot,a different chatbot running elsewhere,matters,8,4.6015597945370246e-06,8.993724098793621e-10,2.1338032638595905e-06,1.0254825610900298e-06,3.308373797139552e-09,9.83865561465791e-07,3.576077233446995e-06,-2.40900138726019e-09,1.1499377023937996e-06
person__other_chatbot__matters,person,1,other_chatbot,a different chatbot running elsewhere,matters,9,7.510173418268096e-06,3.833611650350122e-09,4.372785497253062e-06,1.5339104493250488e-06,1.341946376243186e-08,2.9838397495041136e-06,5.976262968943047e-06,-9.585852112081739e-09,1.3889457477489486e-06
person__other_chatbot__matters,person,1,other_chatbot,a different chatbot running elsewhere,matters,10,3.695410669024568e-06,4.832558797573938e-09,1.3897565622755792e-06,7.848262612242252e-06,2.916661685503641e-07,5.3027470130473375e-06,-4.152851943217684e-06,-2.8683360975279015e-07,-3.912990450771758e-06
person__other_chatbot__matters,person,1,other_chatbot,a different chatbot running elsewhere,matters,11,4.7742076276335865e-05,2.4488069811923197e-06,1.5339002857217565e-05,4.5958640839671716e-05,1.1441345122875646e-05,3.9677579479757696e-05,1.7834354366641492e-06,-8.992538141683326e-06,-2.433857662254013e-05
person__other_chatbot__matters,person,1,other_chatbot,a different chatbot running elsewhere,matters,12,0.00015580642502754927,2.7656626116367988e-05,2.207900797657203e-05,0.00013154213957022876,0.00011229222582187504,4.077863195561804e-05,2.426428545732051e-05,-8.463559970550705e-05,-1.869962397904601e-05
person__other_chatbot__matters,person,1,other_chatbot,a different chatbot running elsewhere,matters,13,0.0002096654352499172,0.00035762309562414885,3.256233685533516e-05,0.00011936214286834002,0.00020444476103875786,5.356208566809073e-05,9.03032923815772e-05,0.00015317833458539099,-2.099974881275557e-05
person__other_chatbot__matters,person,1,other_chatbot,a different chatbot running elsewhere,matters,14,0.00039777689380571246,7.168926822487265e-05,2.3055914425640367e-05,0.00031232062610797584,0.00011372003064025193,2.9688035283470526e-05,8.545626769773662e-05,-4.2030762415379286e-05,-6.632120857830159e-06
person__other_chatbot__matters,person,1,other_chatbot,a different chatbot running elsewhere,matters,15,0.00010127667337656021,5.8357109082862735e-05,7.573471521027386e-06,9.366832819068804e-05,4.898502811556682e-05,5.5383038670697715e-06,7.608345185872167e-06,9.372080967295915e-06,2.0351676539576147e-06
person__other_chatbot__matters,person,1,other_chatbot,a different chatbot running elsewhere,matters,16,5.485713336383924e-05,1.870933556347154e-05,1.752173943714297e-06,3.3455286029493436e-05,4.294456448405981e-05,5.620138381345896e-06,2.1401847334345803e-05,-2.423522892058827e-05,-3.867964437631599e-06
person__other_chatbot__matters,person,1,other_chatbot,a different chatbot running elsewhere,matters,17,7.968352292664349e-05,2.9247310067148646e-06,4.327155807004601e-07,2.4739412765484303e-05,1.9088570297753904e-06,5.930975817136641e-07,5.494411016115919e-05,1.0158739769394742e-06,-1.60382001013204e-07
person__other_chatbot__matters,person,1,other_chatbot,a different chatbot running elsewhere,matters,18,1.0592342732707039e-05,1.0080840695536608e-07,4.470282277679871e-08,9.265743756259326e-06,4.351448978923145e-08,8.344483148903237e-08,1.3265989764477126e-06,5.7293917166134634e-08,-3.8742008712233655e-08
person__other_chatbot__matters,person,1,other_chatbot,a different chatbot running elsewhere,matters,19,3.0908016924513504e-05,1.6142276137998124e-07,3.0278710028142086e-07,1.1081845514127053e-05,2.269627152884368e-08,2.0081603224753053e-07,1.982617141038645e-05,1.3872648985113756e-07,1.0197106803389033e-07
person__other_chatbot__matters,person,1,other_chatbot,a different chatbot running elsewhere,matters,20,1.8966062270919792e-05,1.9332215117628948e-07,3.6439797668208485e-07,6.7323571784072556e-06,9.448029913983191e-09,1.0708717468332907e-07,1.2233705092512537e-05,1.838741212623063e-07,2.573108019987558e-07
person__other_chatbot__matters,person,1,other_chatbot,a different chatbot running elsewhere,matters,21,1.5494942999794148e-05,8.042318881962274e-07,5.383694769989233e-07,2.0768960894201882e-05,1.0258794702622254e-07,2.5490180632914416e-07,-5.274017894407734e-06,7.016439411700048e-07,2.834676706697792e-07
person__other_chatbot__matters,person,1,other_chatbot,a different chatbot running elsewhere,matters,22,3.5276487324154004e-05,4.918562626698986e-05,5.170500571693992e-06,1.39020839924342e-05,3.5779913787337136e-07,2.908653300437436e-07,2.1374403331719805e-05,4.8827827129116486e-05,4.879635241650249e-06
person__other_chatbot__matters,person,1,other_chatbot,a different chatbot running elsewhere,matters,23,4.1422601498197764e-05,0.00046083173947408795,1.7680591554380953e-05,1.8490030925022438e-05,6.697654271192732e-07,7.645989512639062e-07,2.2932570573175326e-05,0.0004601619740469687,1.6915992603117047e-05
person__other_chatbot__matters,person,1,other_chatbot,a different chatbot running elsewhere,matters,24,5.7159948482876644e-05,0.004023336805403233,3.167647810187191e-05,2.6433277525939047e-05,7.289085260708816e-06,1.1155177617183654e-06,3.0726670956937596e-05,0.004016047720142524,3.056096034015354e-05
person__the_assistant__something_it_is_like,person,2,the_assistant,the assistant,something_it_is_like,0,4.464558500671956e-08,3.2872782185222604e-07,1.8963511316805182e-10,4.042715318064438e-08,4.325709426211688e-07,7.534990686952625e-11,4.218431826075175e-09,-1.0384312076894275e-07,1.1428520629852557e-10
person__the_assistant__something_it_is_like,person,2,the_assistant,the assistant,something_it_is_like,1,2.0498536912327836e-07,1.2938356121594552e-05,1.6247454492912539e-09,8.374536264454946e-08,1.8923599327536067e-06,1.0732059685381046e-10,1.212400064787289e-07,1.1045996188840945e-05,1.5174248524374434e-09
person__the_assistant__something_it_is_like,person,2,the_assistant,the assistant,something_it_is_like,2,4.817463832296198e-07,5.827238783240318e-05,9.152819835378523e-09,8.665887918368753e-08,2.452827402521507e-06,7.086427000757567e-10,3.950875040459323e-07,5.5819560429881676e-05,8.444177135302766e-09
person__the_assistant__something_it_is_like,person,2,the_assistant,the assistant,something_it_is_like,3,1.0689507234928897e-07,2.3465679532819195e-06,9.552938440293701e-10,6.4726388693259196e-09,4.542365417137262e-08,1.5466569691646725e-10,1.0042243347996305e-07,2.301144299110547e-06,8.006281471129029e-10
person__the_assistant__something_it_is_like,person,2,the_assistant,the assistant,something_it_is_like,4,1.4841891982086963e-07,1.2970836905878969e-05,3.500389533783732e-09,8.347669933073121e-08,9.043498039318365e-07,1.4850851215442162e-08,6.494222049013842e-08,1.2066487101947132e-05,-1.135046168165843e-08
person__the_assistant__something_it_is_like,person,2,the_assistant,the assistant,something_it_is_like,5,8.913458771075966e-08,1.3556507383327698e-07,4.2823651291712395e-09,5.292980720383866e-09,7.914185973234567e-10,2.7512275790897434e-10,8.38416069903758e-08,1.3477365523595353e-07,4.007242371262265e-09
person__the_assistant__something_it_is_like,person,2,the_assistant,the assistant,something_it_is_like,6,7.15443377430347e-07,1.460328036273495e-07,3.4903748655779054e-06,1.7250995369977318e-06,4.276647814549506e-06,2.6717778212059784e-08,-1.0096561595673847e-06,-4.130615010922156e-06,3.4636570873658457e-06
person__the_assistant__something_it_is_like,person,2,the_assistant,the assistant,something_it_is_like,7,2.8223109893588116e-06,2.036379555647727e-06,5.317759814715828e-07,6.506549539153639e-07,3.8103632959973766e-07,1.4471676479388407e-07,2.1716560354434478e-06,1.6553432260479894e-06,3.870592166776987e-07
person__the_assistant__something_it_is_like,person,2,the_assistant,the assistant,something_it_is_like,8,6.618560746574076e-06,6.599462949452573e-07,3.7590243664453737e-06,7.63635034672916e-06,2.5251588908759004e-07,1.8093630842486164e-06,-1.0177896001550835e-06,4.074304058576672e-07,1.9496612821967574e-06
person__the_assistant__something_it_is_like,person,2,the_assistant,the assistant,something_it_is_like,9,0.0001769687223713845,3.0147930374369025e-05,5.413546023191884e-05,6.656901678070426e-05,4.886819624516647e-07,6.313715857686475e-06,0.00011039970559068024,2.965924841191736e-05,4.782174437423237e-05
person__the_assistant__something_it_is_like,person,2,the_assistant,the assistant,something_it_is_like,10,0.00022044712386559695,3.945317803299986e-05,0.0001464853121433407,8.999002602649853e-05,1.4352847301779548e-06,4.846429874305613e-06,0.00013045709783909842,3.8017893302821903e-05,0.0001416388822690351
person__the_assistant__something_it_is_like,person,2,the_assistant,the assistant,something_it_is_like,11,0.00018177098536398262,0.00013053409929852933,0.00019806604541372508,5.2128987590549514e-05,1.579549007146852e-06,5.402253464126261e-06,0.0001296419977734331,0.00012895455029138247,0.00019266379194959882
person__the_assistant__something_it_is_like,person,2,the_assistant,the assistant,something_it_is_like,12,0.0004599879321176559,0.00010911306162597612,0.00019373049144633114,3.800709964707494e-05,1.923618526689097e-07,6.0900242715433706e-06,0.00042198083247058094,0.0001089206997733072,0.00018764046717478777
person__the_assistant__something_it_is_like,person,2,the_assistant,the assistant,something_it_is_like,13,0.0008692276896908879,0.00011453729530330747,0.00018386379815638065,7.991369784576818e-05,3.178703309458797e-07,2.6035461360152112e-06,0.0007893139918451197,0.0001142194249723616,0.00018126025202036544
person__the_assistant__something_it_is_like,person,2,the_assistant,the assistant,something_it_is_like,14,0.0015795358922332525,0.00014194838877301663,0.0001535700575914234,0.00025168960564769804,8.344719759634245e-08,4.187362719676457e-06,0.0013278462865855545,0.0001418649415754203,0.00014938269487174693
person__the_assistant__something_it_is_like,person,2,the_assistant,the assistant,something_it_is_like,15,0.0025168308056890965,6.814002699684352e-05,0.000540392764378339,0.00043962980271317065,9.668647749094816e-08,2.425862703603343e-06,0.002077201002975926,6.804334051935257e-05,0.0005379669016747357
person__the_assistant__something_it_is_like,person,2,the_assistant,the assistant,something_it_is_like,16,0.0008337439503520727,3.5870100418833317e-06,4.302928937249817e-05,0.0018702511442825198,2.2699634882883402e-07,9.344641512143426e-06,-0.001036507193930447,3.3600136930544977e-06,3.3684647860354744e-05
person__the_assistant__something_it_is_like,person,2,the_assistant,the assistant,something_it_is_like,17,0.0011513110948726535,0.0001241156569449231,8.083507418632507e-05,0.0011935904622077942,3.196425790719104e-09,8.203234756365418e-06,-4.2279367335140705e-05,0.00012411246051913238,7.263183942995965e-05
person__the_assistant__something_it_is_like,person,2,the_assistant,the assistant,something_it_is_like,18,0.0006804183940403163,8.955806151789147e-06,3.6580277082975954e-05,0.000890567316673696,5.4068802768370006e-09,3.229432422813261e-06,-0.0002101489226333797,8.95039927151231e-06,3.335084466016269e-05
person__the_assistant__something_it_is_like,person,2,the_assistant,the assistant,something_it_is_like,19,0.0007387458463199437,1.343018652733008e-06,0.0002041400584857911,0.001715776277706027,1.827517914776422e-09,7.831369657651521e-06,-0.0009770304313860834,1.3411911348182315e-06,0.00019630868882813957
person__the_assistant__something_it_is_like,person,2,the_assistant,the assistant,something_it_is_like,20,0.0005730199627578259,2.5787630875129253e-07,0.0003049163497053087,0.0017842978704720736,1.6859800222590593e-09,6.305922852334334e-06,-0.0012112779077142477,2.5619032872903347e-07,0.00029861042685297434
person__the_assistant__something_it_is_like,person,2,the_assistant,the assistant,something_it_is_like,21,0.0007486707763746381,1.6046401185576542e-07,0.00015478527348022908,0.00040969328256323934,2.6955040421938747e-09,6.358248469950922e-07,0.00033897749381139874,1.5776850781357155e-07,0.000154149448633234
person__the_assistant__something_it_is_like,person,2,the_assistant,the assistant,something_it_is_like,22,0.00025995034957304597,1.1196109994671133e-07,9.38844314077869e-05,4.4996209908276796e-05,9.85214798632228e-10,2.0665249067519653e-08,0.00021495413966476917,1.109758851480791e-07,9.386376615871939e-05
person__the_assistant__something_it_is_like,person,2,the_assistant,the assistant,something_it_is_like,23,0.0002485381264705211,8.286297088488936e-07,0.0007673624204471707,0.00012151498231105506,1.4420019844862964e-08,1.666814455347776e-07,0.00012702314415946603,8.142096890040307e-07,0.000767195739001636
person__the_assistant__something_it_is_like,person,2,the_assistant,the assistant,something_it_is_like,24,0.0002692665730137378,7.742486559436657e-06,0.00133996841032058,3.058686706935987e-05,3.332629887609073e-07,1.2171020671303268e-06,0.00023867970594437793,7.409223570675749e-06,0.0013387513082534497
person__the_assistant__aware_of_attending,person,2,the_assistant,the assistant,aware_of_attending,0,5.52124731711956e-07,1.3817349042710703e-08,1.2047848829688235e-11,1.4669690244772937e-05,0.00040165873360820115,3.866671249852516e-08,-1.4117565513060981e-05,-0.00040164491625915844,-3.865466464969547e-08
person__the_assistant__aware_of_attending,person,2,the_assistant,the assistant,aware_of_attending,1,6.414796871467843e-08,1.3130497578117684e-08,3.499448560789764e-12,6.555159416166134e-06,0.0002697693998925388,8.396498607510239e-09,-6.491011447451456e-06,-0.00026975626939496067,-8.392999158949449e-09
person__the_assistant__aware_of_attending,person,2,the_assistant,the assistant,aware_of_attending,2,2.285537266288884e-05,1.5986153130143066e-06,2.36182948754049e-08,3.080281021539122e-05,0.0036838636733591557,7.958857395351515e-07,-7.947437552502379e-06,-0.0036822650580461413,-7.722674446597466e-07
person__the_assistant__aware_of_attending,person,2,the_assistant,the assistant,aware_of_attending,3,0.00024895428214222193,2.403815813067922e-07,9.949825141575275e-08,1.399937264068285e-05,0.005173220299184322,2.5324816306238063e-06,0.00023495490950153908,-0.0051729799176030156,-2.4329833792080535e-06
person__the_assistant__aware_of_attending,person,2,the_assistant,the assistant,aware_of_attending,4,0.004649291280657053,1.6334518022631528e-06,1.9305873593111755e-06,3.300726166344248e-05,0.007166832219809294,4.2443585698492825e-05,0.0046162840189936105,-0.007165198768007031,-4.051299833918165e-05
person__the_assistant__aware_of_attending,person,2,the_assistant,the assistant,aware_of_attending,5,0.0076360320672392845,3.2607622157954097e-10,6.843187065896927e-07,4.106107371626422e-05,4.982943937648088e-05,4.708919732365757e-05,0.00759497099352302,-4.98291133002593e-05,-4.640487861706788e-05
person__the_assistant__aware_of_attending,person,2,the_assistant,the assistant,aware_of_attending,6,0.0011506876908242702,3.3868814419690807e-09,6.364480213960633e-07,0.0006826645112596452,0.0029278637375682592,0.00023327773669734597,0.000468023179564625,-0.0029278603506868173,-0.0002326412886759499
person__the_assistant__aware_of_attending,person,2,the_assistant,the assistant,aware_of_attending,7,0.0019322325242683291,1.8779145349867576e-08,1.8466279243511963e-06,0.0004836998414248228,0.001147063565440476,0.0002641115861479193,0.0014485326828435063,-0.001147044786295126,-0.0002622649582235681
person__the_assistant__aware_of_attending,person,2,the_assistant,the assistant,aware_of_attending,8,0.018318098038434982,4.3939166971540544e-08,8.209410589188337e-05,0.001247283536940813,0.00013129432045388967,0.0009413486695848405,0.01707081450149417,-0.00013125038128691813,-0.0008592545636929572
person__the_assistant__aware_of_attending,person,2,the_assistant,the assistant,aware_of_attending,9,0.0551980584859848,1.7910087990458123e-07,6.592257705051452e-05,0.002722754143178463,0.00033501407597213984,0.0004721553123090416,0.05247530434280634,-0.00033483497509223525,-0.0004062327352585271
person__the_assistant__aware_of_attending,person,2,the_assistant,the assistant,aware_of_attending,10,0.07835395634174347,1.8693341417019838e-06,0.00014972159988246858,0.00141500576864928,0.0001201774794026278,0.00034492471604608,0.07693895057309419,-0.00011830814526092581,-0.0001952031161636114
person__the_assistant__aware_of_attending,person,2,the_assistant,the assistant,aware_of_attending,11,0.047969166189432144,1.9836606952594593e-05,0.0001626825105631724,0.0018789415480569005,5.9210560721112415e-05,0.0003048380312975496,0.046090224641375244,-3.937395376851782e-05,-0.0001421555207343772
person__the_assistant__aware_of_attending,person,2,the_assistant,the assistant,aware_of_attending,12,0.030238837003707886,4.773287218995392e-05,9.159187902696431e-05,0.001481461338698864,4.736762639367953e-05,5.511549534276128e-05,0.028757375665009022,3.652457962743938e-07,3.647638368420303e-05
person__the_assistant__aware_of_attending,person,2,the_assistant,the assistant,aware_of_attending,13,0.05322111025452614,5.349814455257729e-05,0.0001397411251673475,0.0020034643821418285,5.8100209571421146e-05,0.0001507971464889124,0.05121764587238431,-4.6020650188438594e-06,-1.1056021321564913e-05
person__the_assistant__aware_of_attending,person,2,the_assistant,the assistant,aware_of_attending,14,0.058613985776901245,0.0006846191827207804,0.0006880871951580048,0.0005154592799954116,2.1707410269300453e-05,2.1124260456417687e-05,0.058098526496905833,0.0006629117724514799,0.0006669629347015871
person__the_assistant__aware_of_attending,person,2,the_assistant,the assistant,aware_of_attending,15,0.04346160590648651,2.4528544599888846e-05,0.00038577491068281233,0.0005732452846132219,2.124620914401021e-05,0.00021784761338494718,0.04288836062187329,3.2823354558786377e-06,0.00016792729729786515
person__the_assistant__aware_of_attending,person,2,the_assistant,the assistant,aware_of_attending,16,0.019831227138638496,1.800377867766656e-05,0.0039483774453401566,0.0008999950950965285,3.703016773215495e-06,0.0014717455487698317,0.018931232043541968,1.4300761904451065e-05,0.002476631896570325
person__the_assistant__aware_of_attending,person,2,the_assistant,the assistant,aware_of_attending,17,0.00703989015892148,5.824967956868932e-07,0.0006257279310375452,0.00103218003641814,1.1312282595099532e-06,0.0006988818058744073,0.00600771012250334,-5.4873146382306e-07,-7.315387483686209e-05
person__the_assistant__aware_of_attending,person,2,the_assistant,the assistant,aware_of_attending,18,0.00360917579382658,1.186704734479349e-09,8.130851347232237e-05,0.0006392772193066776,1.1032000202249037e-08,5.603932368103415e-05,0.0029698985745199025,-9.845295467769688e-09,2.5269189791288227e-05
person__the_assistant__aware_of_attending,person,2,the_assistant,the assistant,aware_of_attending,19,0.004299093037843704,1.4840080275746459e-09,0.00010184312850469723,0.000801621179562062,1.0237094505427535e-09,4.3828196794493124e-05,0.003497471858281642,4.6029857703189236e-10,5.801493171020411e-05
person__the_assistant__aware_of_attending,person,2,the_assistant,the assistant,aware_of_attending,20,0.007359766401350498,2.4181237012754764e-09,0.0001435814192518592,0.0009808277245610952,5.645742762183659e-10,2.531097925384529e-05,0.006378938676789403,1.8535494250571105e-09,0.0001182704399980139
person__the_assistant__aware_of_attending,person,2,the_assistant,the assistant,aware_of_attending,21,0.005518746096640825,6.173305200363188e-10,3.179455961799249e-05,0.0006037647253833711,7.027031734274658e-11,1.760384407134552e-06,0.004914981371257454,5.470602026935723e-10,3.003417521085794e-05
person__the_assistant__aware_of_attending,person,2,the_assistant,the assistant,aware_of_attending,22,0.00607516011223197,2.3256874204236055e-09,1.4938692402211018e-05,0.0001896229077829048,6.848274031190371e-11,7.970443220983725e-07,0.005885537204449065,2.257204680111702e-09,1.4141648080112645e-05
person__the_assistant__aware_of_attending,person,2,the_assistant,the assistant,aware_of_attending,23,0.004135355819016695,6.320378442836727e-09,3.4313732612645254e-05,0.00014548448962159455,9.068037432058418e-10,6.223615400813287e-06,0.0039898713293951005,5.413574699630885e-09,2.8090117211831966e-05
person__the_assistant__aware_of_attending,person,2,the_assistant,the assistant,aware_of_attending,24,0.0032006532419472933,1.494057499940027e-07,6.388739711837843e-05,0.0001367702498100698,2.1430343721817735e-08,1.357190285489196e-05,0.0030638829921372235,1.2797540627218496e-07,5.031549426348647e-05
person__the_assistant__discomfort,person,2,the_assistant,the assistant,discomfort,0,1.242962497371991e-07,3.729134903096565e-07,1.402745003487027e-10,8.403394957667842e-08,3.7368906191659335e-07,1.0071264655575618e-10,4.026230016052068e-08,-7.755716069368646e-10,3.956185379294652e-11
person__the_assistant__discomfort,person,2,the_assistant,the assistant,discomfort,1,1.8944117528008064e-06,2.0648342342610704e-06,2.0560224633925372e-09,1.913989308377495e-06,2.8131212275184225e-06,1.5810309728081506e-09,-1.957755557668861e-08,-7.482869932573522e-07,4.749914905843866e-10
person__the_assistant__discomfort,person,2,the_assistant,the assistant,discomfort,2,5.795580364065245e-06,4.193696440779604e-06,3.0888095636782964e-08,6.8726399149454664e-06,1.9268256892246427e-06,2.482070549092441e-08,-1.0770595508802217e-06,2.2668707515549613e-06,6.067390145858553e-09
person__the_assistant__discomfort,person,2,the_assistant,the assistant,discomfort,3,1.0788935469463468e-06,8.264201767360646e-09,7.2686399121835166e-09,1.2438983958418248e-06,1.4967483252803504e-08,1.0028386121518906e-08,-1.6500484889547806e-07,-6.703281485442858e-09,-2.7597462093353897e-09
person__the_assistant__discomfort,person,2,the_assistant,the assistant,discomfort,4,6.47757269689464e-06,1.670570526357551e-07,5.87155284392793e-07,4.554086444841232e-06,1.7683296960058215e-07,1.121523609981523e-06,1.923486252053408e-06,-9.775916964827047e-09,-5.343683255887299e-07
person__the_assistant__discomfort,person,2,the_assistant,the assistant,discomfort,5,9.073398814507527e-07,1.5048923218685673e-10,1.326959022662777e-07,7.967915394146985e-07,1.531550886113564e-09,2.7172112027074036e-07,1.1054834203605424e-07,-1.3810616539267073e-09,-1.3902521800446266e-07
person__the_assistant__discomfort,person,2,the_assistant,the assistant,discomfort,6,5.9576188505161554e-05,1.1380748077272074e-07,1.1989121048827656e-05,7.955157343531027e-05,2.0383956211844634e-07,8.2677079262794e-06,-1.997538493014872e-05,-9.00320813457256e-08,3.721413122548256e-06
person__the_assistant__discomfort,person,2,the_assistant,the assistant,discomfort,7,0.0009451385121792555,9.743696409714175e-07,3.5494799703883473e-06,0.000970900640822947,3.767204930227308e-07,2.186159235861851e-06,-2.576212864369154e-05,5.976491479486867e-07,1.3633207345264964e-06
person__the_assistant__discomfort,person,2,the_assistant,the assistant,discomfort,8,0.0019125514663755894,3.1744943385092483e-07,2.153260174964089e-05,0.0011367191327735782,6.144917392703064e-07,1.0718525118136313e-05,0.0007758323336020112,-2.970423054193816e-07,1.0814076631504577e-05
person__the_assistant__discomfort,person,2,the_assistant,the assistant,discomfort,9,0.012007929384708405,1.7614394209886086e-06,3.487777939881198e-05,0.0038626843597739935,1.2035870895488188e-06,3.341020055813715e-05,0.008145245024934411,5.578523314397899e-07,1.4675788406748325e-06
person__the_assistant__discomfort,person,2,the_assistant,the assistant,discomfort,10,0.008613226003944874,2.5960673610825324e-07,9.997691086027771e-05,0.0032193809747695923,4.838409495278029e-06,5.2403993322514e-05,0.0053938450291752815,-4.5788027591697755e-06,4.7572917537763715e-05
person__the_assistant__discomfort,person,2,the_assistant,the assistant,discomfort,11,0.008145089261233807,1.4023417804764904e-07,0.00020596869580913335,0.00271842279471457,3.103430208284408e-05,6.056924394215457e-05,0.0054266664665192366,-3.089406790479643e-05,0.00014539945186697878
person__the_assistant__discomfort,person,2,the_assistant,the assistant,discomfort,12,0.001944379648193717,9.084732255359995e-07,1.2638364523809287e-06,0.001293223351240158,0.0001740522129694,3.089841129622073e-06,0.0006511562969535589,-0.000173143739743864,-1.8260046772411442e-06
person__the_assistant__discomfort,person,2,the_assistant,the assistant,discomfort,13,0.0012082363246008754,1.7248634321731515e-05,1.0584753908915445e-06,0.0008043895941227674,0.0006760790129192173,2.8713722713291645e-05,0.00040384673047810793,-0.0006588303785974858,-2.76552473224001e-05
person__the_assistant__discomfort,person,2,the_assistant,the assistant,discomfort,14,0.0009692589519545436,0.0006401294376701117,3.207379606351424e-08,0.0008697278099134564,0.001288499217480421,5.387634701037314e-06,9.953114204108715e-05,-0.0006483697798103094,-5.3555609049737996e-06
person__the_assistant__discomfort,person,2,the_assistant,the assistant,discomfort,15,0.004234606400132179,0.0003414484381210059,5.473406190503738e-07,0.0014109674375504255,0.00020339565526228398,4.773797991219908e-05,0.0028236389625817537,0.0001380527828587219,-4.7190639293148706e-05
person__the_assistant__discomfort,person,2,the_assistant,the assistant,discomfort,16,0.016162782907485962,1.937092383741401e-05,1.650121521379333e-05,0.0027775964699685574,3.3530664040881675e-06,0.00011490266479086131,0.013385186437517405,1.6017857433325844e-05,-9.840144957706798e-05
person__the_assistant__discomfort,person,2,the_assistant,the assistant,discomfort,17,0.02100304141640663,8.461579454888124e-06,0.00015603275096509606,0.0019968817941844463,1.0072021723317448e-06,8.61529988469556e-05,0.019006159622222185,7.454377282556379e-06,6.987975211814046e-05
person__the_assistant__discomfort,person,2,the_assistant,the assistant,discomfort,18,0.018998535349965096,5.931761734245811e-06,0.0001374240091536194,0.0027970648370683193,1.9865387912432197e-07,3.711639146786183e-05,0.016201470512896776,5.733107855121489e-06,0.00010030761768575758
person__the_assistant__discomfort,person,2,the_assistant,the assistant,discomfort,19,0.019259218126535416,5.70778456676635e-06,0.001969119068235159,0.005542580038309097,2.2285682632627868e-08,0.00032176473177969456,0.013716638088226318,5.685498884133722e-06,0.0016473543364554644
person__the_assistant__discomfort,person,2,the_assistant,the assistant,discomfort,20,0.026382876560091972,2.5874410880533105e-07,0.0008893274934962392,0.01717580482363701,2.2839529378870793e-08,0.0006987538654357195,0.009207071736454964,2.3590457942646026e-07,0.0001905736280605197
person__the_assistant__discomfort,person,2,the_assistant,the assistant,discomfort,21,0.04079008474946022,1.8804442447617475e-08,0.0018264763057231903,0.010383465327322483,2.5942133774492504e-08,0.0002531359205022454,0.030406619422137737,-7.137691326875029e-09,0.0015733403852209449
person__the_assistant__discomfort,person,2,the_assistant,the assistant,discomfort,22,0.03371872007846832,7.840007754111866e-09,0.0007393589476123452,0.006765947677195072,4.1723186683384483e-08,0.00017176775145344436,0.02695277240127325,-3.388317892927262e-08,0.0005675911961589009
person__the_assistant__discomfort,person,2,the_assistant,the assistant,discomfort,23,0.03272417187690735,6.830181575878669e-08,0.005729361902922392,0.008436647243797779,3.0712141096955747e-07,0.0016167291905730963,0.02428752463310957,-2.388195952107708e-07,0.004112632712349296
person__the_assistant__discomfort,person,2,the_assistant,the assistant,discomfort,24,0.02685277722775936,3.8818561733933166e-06,0.017604582011699677,0.0036167504731565714,5.477110335050384e-06,0.0023269427474588156,0.02323602675460279,-1.595254161657067e-06,0.015277639264240861
person__the_assistant__matters,person,2,the_assistant,the assistant,matters,0,3.297705575278087e-08,2.9560996495092695e-07,1.7591902934377401e-10,7.422629266784497e-08,4.0716028593124065e-07,1.3966930390019172e-10,-4.12492369150641e-08,-1.115503209803137e-07,3.624972544358229e-11
person__the_assistant__matters,person,2,the_assistant,the assistant,matters,1,7.214082131667965e-08,1.3474774505084497e-06,2.2150821454847147e-10,5.106304570290376e-07,1.4445631677517667e-06,1.1087178952706722e-09,-4.38489635712358e-07,-9.708571724331705e-08,-8.872096807222007e-10
person__the_assistant__matters,person,2,the_assistant,the assistant,matters,2,3.814755800135572e-08,3.681725786464085e-07,4.240002238198315e-10,1.7604658069103607e-06,1.283927076656255e-06,2.7540064451159196e-08,-1.722318248909005e-06,-9.157544980098464e-07,-2.7116064227339365e-08
person__the_assistant__matters,person,2,the_assistant,the assistant,matters,3,6.602749635931104e-08,7.417599867665103e-09,1.536744842489668e-09,1.9146756358168204e-07,2.1032665387110683e-08,9.018161328810947e-09,-1.25440067222371e-07,-1.361506551944558e-08,-7.48141648632128e-09
person__the_assistant__matters,person,2,the_assistant,the assistant,matters,4,1.0237957894787542e-06,1.5350235571531812e-07,6.042686351293014e-08,6.489975703516393e-07,8.145740366671816e-07,5.493615162777132e-07,3.7479821912711486e-07,-6.610716809518635e-07,-4.889346527647831e-07
person__the_assistant__matters,person,2,the_assistant,the assistant,matters,5,2.3996065579012793e-07,1.5710892586895397e-09,1.1475596295440482e-07,8.951775498644565e-08,1.5497878536052667e-09,3.96690467141525e-08,1.5044290080368228e-07,2.130140508427303e-11,7.508691624025232e-08
person__the_assistant__matters,person,2,the_assistant,the assistant,matters,6,1.106800846173428e-05,3.208340615401539e-08,3.596200258471072e-05,4.225931661494542e-06,3.402314519007632e-08,3.570530452634557e-06,6.842076800239738e-06,-1.939739036060928e-09,3.239147213207616e-05
person__the_assistant__matters,person,2,the_assistant,the assistant,matters,7,3.178583938279189e-05,2.458921699144412e-06,7.526852277806029e-05,2.1140511307748966e-05,1.9718754629138857e-06,8.616640116088092e-06,1.0645328075042926e-05,4.870462362305261e-07,6.66518826619722e-05
person__the_assistant__matters,person,2,the_assistant,the assistant,matters,8,0.00010705802560551092,2.4864630177034996e-06,0.00016913953004404902,4.628594251698814e-05,4.995168637833558e-06,4.721610366686946e-06,6.077208308852278e-05,-2.5087056201300584e-06,0.00016441791967736208
person__the_assistant__matters,person,2,the_assistant,the assistant,matters,9,6.650461000390351e-05,9.26918801269494e-07,0.00012139989121351391,4.940868529956788e-05,7.75594435253879e-06,3.1771580779604847e-06,1.709592470433563e-05,-6.8290255512692966e-06,0.00011822273313555343
person__the_assistant__matters,person,2,the_assistant,the assistant,matters,10,8.226031786762178e-05,3.163992914778646e-06,0.00016606642748229206,0.00017995260714087635,1.3619216588267591e-05,1.001710188575089e-05,-9.769228927325457e-05,-1.0455223673488945e-05,0.00015604932559654117
person__the_assistant__matters,person,2,the_assistant,the assistant,matters,11,0.00011337658361298963,4.6478817239403725e-06,0.0001323992182733491,0.00011310142144793645,2.6215438992949203e-05,2.9828672268195078e-05,2.751621650531888e-07,-2.156755726900883e-05,0.00010257054600515403
person__the_assistant__matters,person,2,the_assistant,the assistant,matters,12,7.552054012194276e-05,3.3080725643230835e-06,7.719446148257703e-05,0.00035401294007897377,0.00012249921564944088,1.5080276170920115e-05,-0.000278492399957031,-0.0001191911430851178,6.211418531165691e-05
person__the_assistant__matters,person,2,the_assistant,the assistant,matters,13,8.437238284386694e-05,7.05975980963558e-06,0.00013821592438034713,0.0002984745369758457,0.0002821116941049695,5.573808084591292e-05,-0.00021410215413197875,-0.0002750519342953339,8.247784353443421e-05
person__the_assistant__matters,person,2,the_assistant,the assistant,matters,14,9.120498725678772e-05,1.0072351869894192e-05,0.0001285035104956478,9.597241296432912e-05,7.304422615561634e-05,1.5561054169666022e-05,-4.767425707541406e-06,-6.297187428572215e-05,0.00011294245632598177
person__the_assistant__matters,person,2,the_assistant,the assistant,matters,15,8.696558506926522e-05,4.7877663746476173e-05,0.00021245157404337078,4.5816788770025596e-05,9.91174892988056e-05,3.291501707280986e-05,4.114879629923962e-05,-5.123982555232942e-05,0.00017953655697056092
person__the_assistant__matters,person,2,the_assistant,the assistant,matters,16,1.7284866771660745e-05,2.665079591679387e-06,0.0003489833034109324,5.187323495192686e-06,2.067703235297813e-06,1.5652976799174212e-05,1.2097543276468059e-05,5.973763563815737e-07,0.0003333303266117582
person__the_assistant__matters,person,2,the_assistant,the assistant,matters,17,3.8339254388120025e-05,4.594366146193352e-06,0.0006361769628711045,8.08868480817182e-06,1.592533976690902e-06,3.198634658474475e-05,3.0250569579948206e-05,3.0018321695024497e-06,0.0006041906162863597
person__the_assistant__matters,person,2,the_assistant,the assistant,matters,18,5.306686944095418e-05,8.075980986177456e-07,0.0012922806199640036,2.839623084582854e-05,9.124128155235667e-06,0.0001729055802570656,2.4670638595125638e-05,-8.316530056617921e-06,0.001119375039706938
person__the_assistant__matters,person,2,the_assistant,the assistant,matters,19,1.7744470824254677e-05,2.2486042894342972e-07,0.0012490717926993966,3.290833410574123e-05,4.6179803803170216e-07,0.0008566479082219303,-1.5163863281486556e-05,-2.3693760908827244e-07,0.00039242388447746634
person__the_assistant__matters,person,2,the_assistant,the assistant,matters,20,1.7680293240118772e-05,3.5479027360452164e-07,0.0017656958661973476,3.032826862181537e-05,1.0792814464366529e-07,0.0013700342969968915,-1.2647975381696597e-05,2.4686212896085635e-07,0.00039566156920045614
person__the_assistant__matters,person,2,the_assistant,the assistant,matters,21,2.0892151951557025e-05,3.846734841772559e-08,0.0004713026573881507,3.75231247744523e-05,2.649363750606426e-08,0.0009550098329782486,-1.6630972822895274e-05,1.1973710911661328e-08,-0.0004837071755900979
person__the_assistant__matters,person,2,the_assistant,the assistant,matters,22,2.572131597844418e-05,3.9152251218865786e-08,0.0004165566060692072,4.6519558964064345e-05,1.4714588658648609e-08,0.0005907016457058489,-2.0798242985620163e-05,2.4437662560217177e-08,-0.00017414503963664174
person__the_assistant__matters,person,2,the_assistant,the assistant,matters,23,9.486811904935166e-05,4.881557060798514e-07,0.0024166288785636425,5.805672117276117e-05,4.343367976389345e-08,0.0010019883047789335,3.681139787659049e-05,4.447220263159579e-07,0.001414640573784709
person__the_assistant__matters,person,2,the_assistant,the assistant,matters,24,0.00018360771355219185,5.24234383192379e-06,0.000765137723647058,0.00022455703583545983,1.4858178474241868e-06,0.0007818222511559725,-4.0949322283267975e-05,3.7565259844996035e-06,-1.668452750891447e-05
person__you__something_it_is_like,person,3,you,you,something_it_is_like,0,1.2900562751383404e-06,3.174121729898616e-07,2.3539492577384635e-10,4.5850047314388576e-08,1.3235235201136675e-05,5.123522717198625e-10,1.2442062278239518e-06,-1.2917823028146813e-05,-2.769573459460162e-10
person__you__something_it_is_like,person,3,you,you,something_it_is_like,1,2.1660850961779943e-06,3.3792571230151225e-06,9.577597742671529e-11,3.001019877046929e-08,9.890056389849633e-06,4.711249168565246e-10,2.136074897407525e-06,-6.5107992668345105e-06,-3.753489394298093e-10
person__you__something_it_is_like,person,3,you,you,something_it_is_like,2,9.834142474574037e-06,8.144285675371066e-05,1.883564193505549e-09,1.9807607714028563e-06,0.00037120646447874606,1.0754929036238536e-07,7.85338170317118e-06,-0.0002897636077250354,-1.0566572616887981e-07
person__you__something_it_is_like,person,3,you,you,something_it_is_like,3,4.065222583449213e-06,7.644824222552415e-07,7.529248335913508e-10,7.88349666436261e-07,0.00023861411318648607,1.7148798292510037e-07,3.276872917012952e-06,-0.00023784963076423082,-1.7073505809150902e-07
person__you__something_it_is_like,person,3,you,you,something_it_is_like,4,1.311431560679921e-06,5.49473675448553e-08,5.879690623267209e-10,1.6074416635092348e-05,0.004695655778050423,2.2125517716631293e-05,-1.4762985074412427e-05,-0.004695600830682878,-2.2124929747568967e-05
person__you__something_it_is_like,person,3,you,you,something_it_is_like,5,2.9283030016813427e-05,8.832559217353264e-08,2.1120271753716224e-08,2.5562044356775004e-06,6.7839355324395e-05,2.5525730507069966e-07,2.6726825581135927e-05,-6.775102973222147e-05,-2.3413703331698343e-07
person__you__something_it_is_like,person,3,you,you,something_it_is_like,6,0.0007711363141424954,4.5807257265551016e-05,1.1270563845755532e-05,7.034488953649998e-05,0.0023504323326051235,1.7377545873387135e-06,0.0007007914246059954,-0.0023046250753395725,9.532809258416819e-06
person__you__something_it_is_like,person,3,you,you,something_it_is_like,7,0.0015506456838920712,8.884489216143265e-05,4.517900379141793e-06,5.482176493387669e-05,0.005726839881390333,2.58856871369062e-05,0.0014958239189581946,-0.0056379949892289005,-2.1367786757764407e-05
person__you__something_it_is_like,person,3,you,you,something_it_is_like,8,0.012382681481540203,2.198810580011923e-05,3.869779175147414e-05,4.1851995774777606e-05,0.001967541640624404,2.9102142434567213e-05,0.012340829485765425,-0.0019455535348242847,9.595649316906929e-06
person__you__something_it_is_like,person,3,you,you,something_it_is_like,9,0.012497526593506336,0.000308874761685729,0.00017077752272598445,0.00022540066856890917,0.00603125523775816,0.00021581878536380827,0.012272125924937427,-0.005722380476072431,-4.504126263782382e-05
person__you__something_it_is_like,person,3,you,you,something_it_is_like,10,0.018825344741344452,0.0029725313652306795,0.0009531818795949221,2.7780024538515136e-05,0.002917900215834379,5.431999306892976e-05,0.018797564716805937,5.4631149396300316e-05,0.0008988618865259923
person__you__something_it_is_like,person,3,you,you,something_it_is_like,11,0.01838250271975994,0.01050647348165512,0.0009011061047203839,1.672192956903018e-05,0.0023502721451222897,0.00017611468501854688,0.01836578079019091,0.008156201336532831,0.000724991419701837
person__you__something_it_is_like,person,3,you,you,something_it_is_like,12,0.029945120215415955,0.011392478831112385,0.001349201425909996,4.287137562641874e-05,0.0004869392141699791,3.61375387001317e-05,0.029902248839789536,0.010905539616942406,0.0013130638872098643
person__you__something_it_is_like,person,3,you,you,something_it_is_like,13,0.029715973883867264,0.008153767324984074,0.0018429449992254376,7.874021684983745e-05,0.0001198652753373608,9.387338650412858e-05,0.029637233667017426,0.008033902049646713,0.001749071612721309
person__you__something_it_is_like,person,3,you,you,something_it_is_like,14,0.0338185653090477,0.00413108803331852,0.001350524602457881,0.00015497674758080393,2.077324825222604e-05,0.00013641781697515398,0.033663588561466895,0.0041103147850662936,0.001214106785482727
person__you__something_it_is_like,person,3,you,you,something_it_is_like,15,0.041125282645225525,0.004555604886263609,0.0019198117079213262,5.868331209057942e-05,5.298519681673497e-05,1.7913553165271878e-05,0.041066599333134945,0.004502619689446874,0.0019018981547560543
person__you__something_it_is_like,person,3,you,you,something_it_is_like,16,0.017897313460707664,0.0026461344677954912,0.0021773281041532755,0.0007536175544373691,1.6796253476059064e-05,1.591934051248245e-05,0.017143695906270295,0.002629338214319432,0.002161408763640793
person__you__something_it_is_like,person,3,you,you,something_it_is_like,17,0.031661368906497955,0.0015339904930442572,0.006673456635326147,0.00011087080929428339,1.9318183319683158e-07,2.9986986191943288e-06,0.03155049809720367,0.0015337973112110603,0.006670457936706953
person__you__something_it_is_like,person,3,you,you,something_it_is_like,18,0.09678737819194794,0.0037325455341488123,0.008612889796495438,0.00022066832752898335,2.7634844173007878e-06,2.7763167963712476e-05,0.09656670986441895,0.0037297820497315115,0.008585126628531725
person__you__something_it_is_like,person,3,you,you,something_it_is_like,19,0.063991479575634,0.002605996560305357,0.11265900731086731,0.0004162887344136834,1.0725099741648592e-07,5.803721796837635e-05,0.06357519084122032,0.0026058893093079405,0.11260097009289893
person__you__something_it_is_like,person,3,you,you,something_it_is_like,20,0.059500567615032196,0.0019651148468255997,0.0804036557674408,0.0005219214363023639,2.5450665361859137e-06,3.726736031239852e-05,0.05897864617872983,0.0019625697802894138,0.0803663884071284
person__you__something_it_is_like,person,3,you,you,something_it_is_like,21,0.05852697044610977,0.0005454352358356118,0.03330514580011368,0.00010132056195288897,2.7862068236572668e-05,4.0421532503387425e-06,0.05842564988415688,0.0005175731675990392,0.03330110364686334
person__you__something_it_is_like,person,3,you,you,something_it_is_like,22,0.03274032846093178,0.0008813224267214537,0.023315638303756714,0.00010776500857900828,0.00020292085537221283,1.0681573030524305e-06,0.03263256345235277,0.0006784015713492408,0.02331457014645366
person__you__something_it_is_like,person,3,you,you,something_it_is_like,23,0.028902772814035416,0.0016193697229027748,0.04420073330402374,6.450287764891982e-05,0.00032633126829750836,6.010692686686525e-06,0.028838269936386496,0.0012930384546052665,0.044194722611337056
person__you__something_it_is_like,person,3,you,you,something_it_is_like,24,0.0131836561486125,0.001544552855193615,0.03129954636096954,0.00011337624164298177,0.0015083246398717165,7.460887900379021e-06,0.013070279906969517,3.622821532189846e-05,0.031292085473069164
person__you__aware_of_attending,person,3,you,you,aware_of_attending,0,1.7570567933944403e-06,1.447215858263462e-08,1.8241819166320283e-10,1.1806876500486396e-05,0.00042106324690394104,3.893037003876998e-08,-1.0049819707091956e-05,-0.0004210487747453584,-3.8747951847106776e-08
person__you__aware_of_attending,person,3,you,you,aware_of_attending,1,1.0480755463504465e-06,1.5436867784046626e-08,4.3543203764873084e-11,5.2144932851661e-06,0.0002931102062575519,1.4131205539058556e-08,-4.166417738815653e-06,-0.00029309476938976786,-1.4087662335293683e-08
person__you__aware_of_attending,person,3,you,you,aware_of_attending,2,9.234211756847799e-05,4.0514390775570064e-07,9.902306175035847e-08,2.9202064979472198e-05,0.004744913894683123,1.343287294730544e-06,6.314005258900579e-05,-0.004744508750775367,-1.2442642329801856e-06
person__you__aware_of_attending,person,3,you,you,aware_of_attending,3,0.0003097467415500432,1.4171219220315834e-07,3.323836779145495e-07,1.5437546608154662e-05,0.004559863358736038,3.3584444736334262e-06,0.00029430919494188856,-0.004559721646543835,-3.0260607957188768e-06
person__you__aware_of_attending,person,3,you,you,aware_of_attending,4,0.0004497452755458653,5.790885779788368e-07,1.1284478205197956e-06,4.63359865534585e-05,0.007170632015913725,6.637823389610276e-05,0.0004034092889924068,-0.007170052927335746,-6.524978607558296e-05
person__you__aware_of_attending,person,3,you,you,aware_of_attending,5,0.0006729687447659671,2.1421307394575706e-08,5.797052722300577e-07,6.615515303565189e-05,9.024427708936855e-05,0.00012309318117331713,0.0006068135917303152,-9.022285578197398e-05,-0.00012251347590108708
person__you__aware_of_attending,person,3,you,you,aware_of_attending,6,0.0013432814739644527,1.5760137102915905e-05,2.38076452774294e-07,0.0005466833245009184,0.003157546743750572,0.00042037753155454993,0.0007965981494635344,-0.0031417866066476563,-0.00042013945510177564
person__you__aware_of_attending,person,3,you,you,aware_of_attending,7,0.002121669938787818,5.1404764235485345e-05,1.1668184924928937e-06,0.0002954841183964163,0.001985397655516863,0.0003552391426637769,0.0018261858203914016,-0.0019339928912813775,-0.000354072324171284
person__you__aware_of_attending,person,3,you,you,aware_of_attending,8,0.008571797981858253,0.0005045467987656593,9.543415217194706e-06,0.0006630104617215693,0.000331605551764369,0.0009832462528720498,0.007908787520136684,0.00017294124700129032,-0.0009737028376548551
person__you__aware_of_attending,person,3,you,you,aware_of_attending,9,0.016667401418089867,0.0005733631551265717,2.0998337276978418e-05,0.0019181453390046954,0.0010191984474658966,0.0011226729257032275,0.014749256079085171,-0.00044583529233932495,-0.001101674588426249
person__you__aware_of_attending,person,3,you,you,aware_of_attending,10,0.02726278454065323,0.0023964073043316603,7.01712051522918e-05,0.001405702205374837,0.000805041694547981,0.0016739231068640947,0.025857082335278392,0.0015913656097836792,-0.001603751901711803
person__you__aware_of_attending,person,3,you,you,aware_of_attending,11,0.03444669768214226,0.00813066866248846,9.35963325900957e-05,0.0014969566836953163,0.0006481208838522434,0.002237018896266818,0.03294974099844694,0.007482547778636217,-0.0021434225636767223
person__you__aware_of_attending,person,3,you,you,aware_of_attending,12,0.024827532470226288,0.01812043972313404,5.806071203551255e-05,0.0013208453310653567,0.0009337033843621612,0.0004105273401364684,0.02350668713916093,0.01718673633877188,-0.00035246662810095586
person__you__aware_of_attending,person,3,you,you,aware_of_attending,13,0.04090533033013344,0.005766476504504681,0.00014029047451913357,0.0011632614769041538,0.0007222476997412741,0.0009334324859082699,0.039742068853229284,0.0050442288047634065,-0.0007931420113891363
person__you__aware_of_attending,person,3,you,you,aware_of_attending,14,0.042412616312503815,0.01723574660718441,0.0007305956678465009,0.00037170559517107904,0.00023292828700505197,0.0001721751323202625,0.042040910717332736,0.017002818320179358,0.0005584205355262384
person__you__aware_of_attending,person,3,you,you,aware_of_attending,15,0.08191226422786713,0.0017348990077152848,0.0005537712131626904,0.0007115973858162761,0.00016601513198111206,0.0017024521948769689,0.08120066684205085,0.0015688838757341728,-0.0011486809817142785
person__you__aware_of_attending,person,3,you,you,aware_of_attending,16,0.10115402936935425,0.0011444492265582085,0.001463274355046451,0.0009858545381575823,2.7569487428991124e-05,0.0051114559173583984,0.10016817483119667,0.0011168797391292173,-0.0036481815623119473
person__you__aware_of_attending,person,3,you,you,aware_of_attending,17,0.03342998027801514,7.641156116733328e-05,0.0007181839318946004,0.0007934808963909745,5.5759205679351e-06,0.002856537699699402,0.03263649938162416,7.083564059939818e-05,-0.0021383537678048015
person__you__aware_of_attending,person,3,you,you,aware_of_attending,18,0.08387032151222229,1.0231535441107553e-07,0.0003547134401742369,0.0010732028167694807,5.788226076219871e-08,0.0005206167697906494,0.08279711869545281,4.443309364887682e-08,-0.00016590332961641252
person__you__aware_of_attending,person,3,you,you,aware_of_attending,19,0.07991307973861694,1.9347643842593243e-07,0.00038572787889279425,0.0013039098121225834,7.212302310932728e-09,0.00025071317213587463,0.07860916992649436,1.862641361149997e-07,0.00013501470675691962
person__you__aware_of_attending,person,3,you,you,aware_of_attending,20,0.10447438061237335,1.3317131219992007e-07,0.0004329221847001463,0.0010173155460506678,4.261915265146854e-09,0.0001706936163827777,0.10345706506632268,1.289093969347732e-07,0.0002622285683173686
person__you__aware_of_attending,person,3,you,you,aware_of_attending,21,0.08802264928817749,4.4545597432943396e-08,0.0002599789295345545,0.0013426756486296654,8.876730461793159e-10,4.1127350414171815e-05,0.08667997363954782,4.365792438676408e-08,0.00021885157912038267
person__you__aware_of_attending,person,3,you,you,aware_of_attending,22,0.13736869394779205,1.1625230911249673e-07,0.00019592538592405617,0.0016227606683969498,1.0298660813035099e-09,2.3272979888133705e-05,0.1357459332793951,1.1522244303119322e-07,0.00017265240603592247
person__you__aware_of_attending,person,3,you,you,aware_of_attending,23,0.17369942367076874,4.100036576915045e-08,0.00021963189647067338,0.001362527604214847,7.019543613040469e-09,6.683376705041155e-05,0.1723368960665539,3.398082215610998e-08,0.00015279812942026183
person__you__aware_of_attending,person,3,you,you,aware_of_attending,24,0.26320624351501465,2.9089969189044496e-07,0.00031307319295592606,0.001589617459103465,4.605671222179808e-08,3.8881720684003085e-05,0.2616166260559112,2.448429796686469e-07,0.000274191472271923
person__you__discomfort,person,3,you,you,discomfort,0,2.950142459212657e-07,5.7116981224680785e-06,3.3558404766154126e-07,1.7293332632561942e-07,3.5689699870999902e-06,4.1925213167814945e-07,1.2208091959564626e-07,2.1427281353680883e-06,-8.366808401660819e-08
person__you__discomfort,person,3,you,you,discomfort,1,4.692518018600822e-07,1.982305320780142e-06,2.176564173339557e-08,1.7843431976416468e-07,7.60096611429617e-07,1.6938646041353422e-08,2.908174820959175e-07,1.2222087093505252e-06,4.826995692042146e-09
person__you__discomfort,person,3,you,you,discomfort,2,6.538091952279501e-07,0.00021837247186340392,5.11401412950363e-06,2.5281968873969163e-07,7.153407932491973e-05,4.939422524330439e-06,4.009895064882585e-07,0.00014683839253848419,1.7459160517319106e-07
person__you__discomfort,person,3,you,you,discomfort,3,3.2227356427938503e-07,9.090978210224421e-07,7.824722274563101e-07,1.731569057028537e-07,7.980473810675903e-07,8.211240128730424e-06,1.4911665857653134e-07,1.1105043995485175e-07,-7.428767901274114e-06
person__you__discomfort,person,3,you,you,discomfort,4,6.44931446913688e-07,6.52673770673573e-05,4.812255428987555e-05,4.915905265079346e-07,1.6150959709193558e-05,0.0003440720902290195,1.5334092040575342e-07,4.9116417358163744e-05,-0.00029594953593914397
person__you__discomfort,person,3,you,you,discomfort,5,2.087678012685501e-06,1.505524210188014e-06,0.00016464987129438668,2.9577904570032842e-06,2.8947995360795176e-06,0.0005087085883133113,-8.701124443177832e-07,-1.3892753258915036e-06,-0.00034405871701892465
person__you__discomfort,person,3,you,you,discomfort,6,4.671378337661736e-05,1.3582605788542423e-05,0.0016827015206217766,2.4747796487645246e-05,1.1076691407652106e-05,0.037751324474811554,2.196598688897211e-05,2.5059143808903173e-06,-0.03606862295418978
person__you__discomfort,person,3,you,you,discomfort,7,0.0008220563177019358,0.0018577250884845853,0.0024021908175200224,4.4333461119094864e-05,0.0002841583627741784,0.0026834693271666765,0.0007777228565828409,0.001573566725710407,-0.00028127850964665413
person__you__discomfort,person,3,you,you,discomfort,8,0.0012463470920920372,0.0004889798583462834,0.005297016818076372,8.31380020827055e-05,9.3459828349296e-05,0.003096677828580141,0.0011632090900093317,0.00039552002999698743,0.002200338989496231
person__you__discomfort,person,3,you,you,discomfort,9,0.0026488180737942457,0.0008483559358865023,0.021709658205509186,4.492789594223723e-05,0.00026057034847326577,0.00447831628844142,0.0026038901778520085,0.0005877855874132365,0.017231341917067766
person__you__discomfort,person,3,you,you,discomfort,10,0.002818380482494831,0.0017777844332158566,0.049097880721092224,0.00011432410246925429,0.0005264817154966295,0.011524236761033535,0.002704056380025577,0.001251302717719227,0.03757364396005869
person__you__discomfort,person,3,you,you,discomfort,11,0.007094832602888346,0.0004316938284318894,0.04338294267654419,0.0003209747956134379,0.0007938647759146988,0.01690567657351494,0.006773857807274908,-0.0003621709474828094,0.02647726610302925
person__you__discomfort,person,3,you,you,discomfort,12,0.00822950154542923,0.00027289011632092297,0.052481938153505325,0.00017425576515961438,0.0010659131221473217,0.007400847505778074,0.008055245780269615,-0.0007930230058263987,0.04508109064772725
person__you__discomfort,person,3,you,you,discomfort,13,0.012831291183829308,0.0001406765659339726,0.01647801697254181,0.00014724372886121273,0.001067445962689817,0.002209461061283946,0.012684047454968095,-0.0009267693967558444,0.014268555911257863
person__you__discomfort,person,3,you,you,discomfort,14,0.007519030477851629,0.0004647697787731886,0.020594974979758263,0.0002550222270656377,0.002175119472667575,0.0013120973017066717,0.0072640082507859915,-0.0017103496938943863,0.01928287767805159
person__you__discomfort,person,3,you,you,discomfort,15,0.01006915234029293,0.0003896416164934635,0.02198144420981407,0.00040337000973522663,0.0022567312698811293,0.0017816987819969654,0.009665782330557704,-0.0018670896533876657,0.020199745427817106
person__you__discomfort,person,3,you,you,discomfort,16,0.003749850671738386,0.0004109696310479194,0.046979740262031555,0.0005395415355451405,0.0014838655479252338,0.004226188641041517,0.0032103091361932456,-0.0010728959168773144,0.04275355162099004
person__you__discomfort,person,3,you,you,discomfort,17,0.004666144028306007,6.0546997701749206e-05,0.09640787541866302,0.000888889073394239,0.0014695442514494061,0.006012262310832739,0.0037772549549117684,-0.001408997253747657,0.09039561310783029
person__you__discomfort,person,3,you,you,discomfort,18,0.0009929491207003593,1.2062418136338238e-05,0.048410333693027496,0.0007551840972155333,0.0015138828894123435,0.008530859835445881,0.0002377650234848261,-0.0015018204712760053,0.039879473857581615
person__you__discomfort,person,3,you,you,discomfort,19,0.00024741218658164144,1.0700056236601085e-06,0.12667453289031982,0.000997867900878191,0.0003265012346673757,0.021308533847332,-0.0007504557142965496,-0.0003254312290437156,0.10536599904298782
person__you__discomfort,person,3,you,you,discomfort,20,0.0003287940635345876,7.3064356911345385e-06,0.1413511335849762,0.0014988749753683805,0.0012504725018516183,0.025053637102246284,-0.001170080911833793,-0.0012431660661604838,0.11629749648272991
person__you__discomfort,person,3,you,you,discomfort,21,1.8771866962197237e-05,2.5899489628500305e-05,0.09281477332115173,0.00036399223608896136,0.005559999495744705,0.018435468897223473,-0.0003452203691267641,-0.005534100006116205,0.07437930442392826
person__you__discomfort,person,3,you,you,discomfort,22,3.2862008083611727e-06,0.00018194859148934484,0.05429961904883385,0.00024725604453124106,0.07960418611764908,0.006696627009660006,-0.0002439698437228799,-0.07942223752615973,0.04760299203917384
person__you__discomfort,person,3,you,you,discomfort,23,5.08464017912047e-06,0.00012024756142636761,0.10579947382211685,0.00037391152000054717,0.03954564407467842,0.02750471606850624,-0.0003688268798214267,-0.03942539651325205,0.07829475775361061
person__you__discomfort,person,3,you,you,discomfort,24,1.5044243809825275e-05,0.0007489207782782614,0.11307176202535629,0.00024383829440921545,0.07013456523418427,0.013746749609708786,-0.00022879405059939018,-0.069385644455906,0.0993250124156475
person__you__matters,person,3,you,you,matters,0,1.0934591898603685e-07,9.359400792163797e-06,1.3763021833312905e-09,1.3251379016310239e-07,8.507509846822359e-06,3.0619042945545516e-07,-2.3167871177065535e-08,8.518909453414381e-07,-3.0481412727212387e-07
person__you__matters,person,3,you,you,matters,1,5.654991497294759e-08,2.160466237910441e-06,2.7026952897912793e-10,1.663802464690889e-07,8.762210086388222e-07,1.6012155157341112e-08,-1.098303314961413e-07,1.2842452292716189e-06,-1.5741885628361985e-08
person__you__matters,person,3,you,you,matters,2,9.167121675091039e-07,4.4720862206304446e-05,4.3397090365715485e-08,5.480823119796696e-07,0.00011261457984801382,4.504746357270051e-06,3.686298555294343e-07,-6.789371764170937e-05,-4.461349266904335e-06
person__you__matters,person,3,you,you,matters,3,1.8369271970186674e-07,3.849937274935655e-05,1.7107591077092366e-07,5.333455419531674e-07,3.707176074385643e-05,5.852562935615424e-06,-3.496528222513007e-07,1.427612005500123e-06,-5.6814870248445e-06
person__you__matters,person,3,you,you,matters,4,5.5551226978423074e-05,0.024981671944260597,5.6594140914967284e-05,1.3983232349801256e-07,9.739802044350654e-05,1.6471874914714135e-05,5.541139465492506e-05,0.02488427392381709,4.012226600025315e-05
person__you__matters,person,3,you,you,matters,5,1.8476582681614673e-06,1.7218979337485507e-05,8.03706882379629e-07,3.10103089873337e-08,4.532803359325044e-07,2.803067445711349e-06,1.8166479591741336e-06,1.6765699001553003e-05,-1.99936056333172e-06
person__you__matters,person,3,you,you,matters,6,3.153334546368569e-05,0.00015370978508144617,5.715267252526246e-05,7.071978416206548e-06,3.06335641653277e-05,0.0009299921221099794,2.4461367047479143e-05,0.00012307622091611847,-0.0008728394495847169
person__you__matters,person,3,you,you,matters,7,8.39204149087891e-05,0.0007892415742389858,7.738601561868563e-05,2.5951069346774602e-06,0.00012505445920396596,0.0005527506000362337,8.132530797411164e-05,0.0006641871150350198,-0.00047536458441754803
person__you__matters,person,3,you,you,matters,8,5.845908526680432e-05,0.0004079253994859755,6.699140067212284e-05,6.088326699682511e-06,0.00012724552652798593,0.0013565007830038667,5.237075856712181e-05,0.0002806798729579896,-0.0012895093823317438
person__you__matters,person,3,you,you,matters,9,2.1471358195412904e-05,0.00039570502121932805,9.871252404991537e-05,5.0782409743987955e-06,0.00017105971346609294,0.0019352136878296733,1.639311722101411e-05,0.0002246453077532351,-0.001836501163779758
person__you__matters,person,3,you,you,matters,10,6.628057599300519e-05,0.00030119201983325183,0.0002045909786829725,4.736430128104985e-05,0.0002882113913074136,0.0022890549153089523,1.891627471195534e-05,1.2980628525838256e-05,-0.00208446393662598
person__you__matters,person,3,you,you,matters,11,0.0003011048829648644,0.0005844797706231475,0.0011604304891079664,8.006941061466932e-05,0.00036752165760844946,0.0016591165913268924,0.00022103547235019505,0.00021695811301469803,-0.000498686102218926
person__you__matters,person,3,you,you,matters,12,0.0005133781814947724,0.0005835758638568223,0.001222439925186336,0.000396295334212482,0.00024920518626458943,0.0012697717174887657,0.00011708284728229046,0.0003343706775922328,-4.7331792302429676e-05
person__you__matters,person,3,you,you,matters,13,0.0005921899573877454,0.0009235183824785054,0.001205548644065857,0.0002718431642279029,0.00029446225380524993,0.0012183603830635548,0.0003203467931598425,0.0006290561286732554,-1.281173899769783e-05
person__you__matters,person,3,you,you,matters,14,0.00041164696449413896,0.0022496331948786974,0.0007909739506430924,0.00025112726143561304,0.0007015714072622359,0.00042142331949435174,0.00016051970305852592,0.0015480617876164615,0.00036955063114874065
person__you__matters,person,3,you,you,matters,15,0.00024385270080529153,0.006949220784008503,0.0008704860811121762,8.609615179011598e-05,0.0010155193740502,0.0003090569516643882,0.00015775654901517555,0.005933701409958303,0.000561429129447788
person__you__matters,person,3,you,you,matters,16,7.350213127210736e-05,0.003734016325324774,0.0010173663031309843,4.746460763271898e-05,0.0007047022227197886,0.0007205581059679389,2.6037523639388382e-05,0.0030293141026049852,0.0002968081971630454
person__you__matters,person,3,you,you,matters,17,4.4960084778722376e-05,0.004544494673609734,0.0016232458874583244,3.6839275708189234e-05,0.00012445368338376284,0.0004133208130951971,8.120809070533141e-06,0.004420040990225971,0.0012099250743631274
person__you__matters,person,3,you,you,matters,18,1.7783284420147538e-05,0.009370004758238792,0.0066673653200268745,6.593402758880984e-06,2.2982057998888195e-05,0.0009371743653900921,1.1189881661266554e-05,0.009347022700239904,0.005730190954636782
person__you__matters,person,3,you,you,matters,19,1.9121955574519234e-06,0.0019344837637618184,0.003757311962544918,2.35280367633095e-07,6.099297138462134e-07,0.0005780602223239839,1.6769151898188284e-06,0.0019338738340479722,0.003179251740220934
person__you__matters,person,3,you,you,matters,20,8.336344876624935e-07,0.0083142826333642,0.0031841748859733343,7.972560922553384e-08,2.0693851183750667e-06,0.00038727038190700114,7.539088784369596e-07,0.008312213248245826,0.002796904504066333
person__you__matters,person,3,you,you,matters,21,4.145296372826124e-07,0.0400131419301033,0.0013825313653796911,6.105965510982969e-09,2.636549197632121e-06,3.813861621893011e-05,4.084236717716294e-07,0.04001050538090567,0.001344392749160761
person__you__matters,person,3,you,you,matters,22,8.660124706239003e-08,0.3486640751361847,0.00036324726534076035,3.907816648052176e-08,6.847730401204899e-05,9.901405428536236e-05,4.752308058186827e-08,0.34859559783217264,0.000264233211055398
person__you__matters,person,3,you,you,matters,23,1.5206933312583715e-07,0.2995279133319855,0.00035423561348579824,5.581775042173831e-08,6.689353904221207e-05,0.00010055449092760682,9.625158270409884e-08,0.29946101979294326,0.0002536811225581914
person__you__matters,person,3,you,you,matters,24,1.000070142254117e-06,0.36000028252601624,0.00016195265925489366,1.9935230284318095e-06,0.0013152657775208354,0.00023254311236087233,-9.934528861776926e-07,0.3586850167484954,-7.059045310597867e-05
person__i__something_it_is_like,person,4,i,me,something_it_is_like,0,1.2900562751383404e-06,3.174121729898616e-07,2.3539492577384635e-10,4.5850047314388576e-08,1.3235235201136675e-05,5.123522717198625e-10,1.2442062278239518e-06,-1.2917823028146813e-05,-2.769573459460162e-10
person__i__something_it_is_like,person,4,i,me,something_it_is_like,1,2.1660850961779943e-06,3.3792571230151225e-06,9.577597742671529e-11,3.001019877046929e-08,9.890056389849633e-06,4.711249168565246e-10,2.136074897407525e-06,-6.5107992668345105e-06,-3.753489394298093e-10
person__i__something_it_is_like,person,4,i,me,something_it_is_like,2,9.834142474574037e-06,8.144285675371066e-05,1.883564193505549e-09,1.9807607714028563e-06,0.00037120646447874606,1.0754929036238536e-07,7.85338170317118e-06,-0.0002897636077250354,-1.0566572616887981e-07
person__i__something_it_is_like,person,4,i,me,something_it_is_like,3,4.065222583449213e-06,7.644824222552415e-07,7.529248335913508e-10,7.88349666436261e-07,0.00023861411318648607,1.7148798292510037e-07,3.276872917012952e-06,-0.00023784963076423082,-1.7073505809150902e-07
person__i__something_it_is_like,person,4,i,me,something_it_is_like,4,1.311431560679921e-06,5.49473675448553e-08,5.879690623267209e-10,1.6074416635092348e-05,0.004695655778050423,2.2125517716631293e-05,-1.4762985074412427e-05,-0.004695600830682878,-2.2124929747568967e-05
person__i__something_it_is_like,person,4,i,me,something_it_is_like,5,2.9283030016813427e-05,8.832559217353264e-08,2.1120271753716224e-08,2.5562044356775004e-06,6.7839355324395e-05,2.5525730507069966e-07,2.6726825581135927e-05,-6.775102973222147e-05,-2.3413703331698343e-07
person__i__something_it_is_like,person,4,i,me,something_it_is_like,6,0.0007711363141424954,4.5807257265551016e-05,1.1270563845755532e-05,7.034488953649998e-05,0.0023504323326051235,1.7377545873387135e-06,0.0007007914246059954,-0.0023046250753395725,9.532809258416819e-06
person__i__something_it_is_like,person,4,i,me,something_it_is_like,7,0.0015506456838920712,8.884489216143265e-05,4.517900379141793e-06,5.482176493387669e-05,0.005726839881390333,2.58856871369062e-05,0.0014958239189581946,-0.0056379949892289005,-2.1367786757764407e-05
person__i__something_it_is_like,person,4,i,me,something_it_is_like,8,0.012382681481540203,2.198810580011923e-05,3.869779175147414e-05,4.1851995774777606e-05,0.001967541640624404,2.9102142434567213e-05,0.012340829485765425,-0.0019455535348242847,9.595649316906929e-06
person__i__something_it_is_like,person,4,i,me,something_it_is_like,9,0.012497526593506336,0.000308874761685729,0.00017077752272598445,0.00022540066856890917,0.00603125523775816,0.00021581878536380827,0.012272125924937427,-0.005722380476072431,-4.504126263782382e-05
person__i__something_it_is_like,person,4,i,me,something_it_is_like,10,0.018825344741344452,0.0029725313652306795,0.0009531818795949221,2.7780024538515136e-05,0.002917900215834379,5.431999306892976e-05,0.018797564716805937,5.4631149396300316e-05,0.0008988618865259923
person__i__something_it_is_like,person,4,i,me,something_it_is_like,11,0.01838250271975994,0.01050647348165512,0.0009011061047203839,1.672192956903018e-05,0.0023502721451222897,0.00017611468501854688,0.01836578079019091,0.008156201336532831,0.000724991419701837
person__i__something_it_is_like,person,4,i,me,something_it_is_like,12,0.029945120215415955,0.011392478831112385,0.001349201425909996,4.287137562641874e-05,0.0004869392141699791,3.61375387001317e-05,0.029902248839789536,0.010905539616942406,0.0013130638872098643
person__i__something_it_is_like,person,4,i,me,something_it_is_like,13,0.029715973883867264,0.008153767324984074,0.0018429449992254376,7.874021684983745e-05,0.0001198652753373608,9.387338650412858e-05,0.029637233667017426,0.008033902049646713,0.001749071612721309
person__i__something_it_is_like,person,4,i,me,something_it_is_like,14,0.0338185653090477,0.00413108803331852,0.001350524602457881,0.00015497674758080393,2.077324825222604e-05,0.00013641781697515398,0.033663588561466895,0.0041103147850662936,0.001214106785482727
person__i__something_it_is_like,person,4,i,me,something_it_is_like,15,0.041125282645225525,0.004555604886263609,0.0019198117079213262,5.868331209057942e-05,5.298519681673497e-05,1.7913553165271878e-05,0.041066599333134945,0.004502619689446874,0.0019018981547560543
person__i__something_it_is_like,person,4,i,me,something_it_is_like,16,0.017897313460707664,0.0026461344677954912,0.0021773281041532755,0.0007536175544373691,1.6796253476059064e-05,1.591934051248245e-05,0.017143695906270295,0.002629338214319432,0.002161408763640793
person__i__something_it_is_like,person,4,i,me,something_it_is_like,17,0.031661368906497955,0.0015339904930442572,0.006673456635326147,0.00011087080929428339,1.9318183319683158e-07,2.9986986191943288e-06,0.03155049809720367,0.0015337973112110603,0.006670457936706953
person__i__something_it_is_like,person,4,i,me,something_it_is_like,18,0.09678737819194794,0.0037325455341488123,0.008612889796495438,0.00022066832752898335,2.7634844173007878e-06,2.7763167963712476e-05,0.09656670986441895,0.0037297820497315115,0.008585126628531725
person__i__something_it_is_like,person,4,i,me,something_it_is_like,19,0.063991479575634,0.002605996560305357,0.11265900731086731,0.0004162887344136834,1.0725099741648592e-07,5.803721796837635e-05,0.06357519084122032,0.0026058893093079405,0.11260097009289893
person__i__something_it_is_like,person,4,i,me,something_it_is_like,20,0.059500567615032196,0.0019651148468255997,0.0804036557674408,0.0005219214363023639,2.5450665361859137e-06,3.726736031239852e-05,0.05897864617872983,0.0019625697802894138,0.0803663884071284
person__i__something_it_is_like,person,4,i,me,something_it_is_like,21,0.05852697044610977,0.0005454352358356118,0.03330514580011368,0.00010132056195288897,2.7862068236572668e-05,4.0421532503387425e-06,0.05842564988415688,0.0005175731675990392,0.03330110364686334
person__i__something_it_is_like,person,4,i,me,something_it_is_like,22,0.03274032846093178,0.0008813224267214537,0.023315638303756714,0.00010776500857900828,0.00020292085537221283,1.0681573030524305e-06,0.03263256345235277,0.0006784015713492408,0.02331457014645366
person__i__something_it_is_like,person,4,i,me,something_it_is_like,23,0.028902772814035416,0.0016193697229027748,0.04420073330402374,6.450287764891982e-05,0.00032633126829750836,6.010692686686525e-06,0.028838269936386496,0.0012930384546052665,0.044194722611337056
person__i__something_it_is_like,person,4,i,me,something_it_is_like,24,0.0131836561486125,0.001544552855193615,0.03129954636096954,0.00011337624164298177,0.0015083246398717165,7.460887900379021e-06,0.013070279906969517,3.622821532189846e-05,0.031292085473069164
person__i__aware_of_attending,person,4,i,me,aware_of_attending,0,7.2426428232574835e-06,1.0702223818270795e-07,5.348407272620648e-10,1.103078557207482e-05,0.00046914652921259403,3.846736973400766e-08,-3.788142748817336e-06,-0.0004690395069744113,-3.7932529006745597e-08
person__i__aware_of_attending,person,4,i,me,aware_of_attending,1,1.0422893410577672e-06,2.8117533190652466e-08,9.058047367727085e-11,6.9292227635742165e-06,0.00044989451998844743,2.194201798033646e-08,-5.886933422516449e-06,-0.0004498664024552568,-2.1851437506659188e-08
person__i__aware_of_attending,person,4,i,me,aware_of_attending,2,9.269440488424152e-05,8.146997174662829e-07,9.496331898617427e-08,3.1878626032266766e-05,0.0065838731825351715,1.9497347238939255e-06,6.0815778851974756e-05,-0.006583058482817705,-1.8547714049077513e-06
person__i__aware_of_attending,person,4,i,me,aware_of_attending,3,0.00025046011433005333,7.094723173395323e-07,2.4488903704877885e-07,2.6025545594166033e-05,0.005261451005935669,3.4164695534855127e-06,0.0002244345687358873,-0.005260741533618329,-3.171580516436734e-06
person__i__aware_of_attending,person,4,i,me,aware_of_attending,4,0.00038443529047071934,3.519132405926939e-06,6.691359999422275e-07,7.650160841876641e-05,0.007026787847280502,4.0271796024171636e-05,0.00030793368205195293,-0.007023268714874575,-3.960266002422941e-05
person__i__aware_of_attending,person,4,i,me,aware_of_attending,5,0.003163076238706708,2.7569035410124343e-06,4.713862836069893e-06,8.682889165356755e-05,0.00013093076995573938,0.0001185168293886818,0.0030762473470531404,-0.00012817386641472694,-0.0001138029665526119
person__i__aware_of_attending,person,4,i,me,aware_of_attending,6,0.002243384486064315,0.00025031997938640416,9.949932291419827e-07,0.0008708705427125096,0.001438140170648694,0.0005988424527458847,0.0013725139433518052,-0.0011878201912622899,-0.0005978474595167427
person__i__aware_of_attending,person,4,i,me,aware_of_attending,7,0.0037228702567517757,0.004779665265232325,4.02800378651591e-06,0.000543393543921411,0.0030657968018203974,0.0004233300860505551,0.0031794767128303647,0.0017138684634119272,-0.0004193020822640392
person__i__aware_of_attending,person,4,i,me,aware_of_attending,8,0.015029859729111195,0.024831483140587807,1.0656886843207758e-05,0.0005418737418949604,0.00026238677673973143,0.0006103087798692286,0.014487985987216234,0.024569096363848075,-0.0005996518930260208
person__i__aware_of_attending,person,4,i,me,aware_of_attending,9,0.016695022583007812,0.017985405400395393,1.2885895557701588e-05,0.0011796609032899141,0.0006679156213067472,0.000473554217023775,0.015515361679717898,0.017317489779088646,-0.0004606683214660734
person__i__aware_of_attending,person,4,i,me,aware_of_attending,10,0.04430581256747246,0.03702918812632561,3.058988295379095e-05,0.0007002383936196566,0.0002828042779583484,0.00041050786967389286,0.0436055741738528,0.03674638384836726,-0.0003799179867201019
person__i__aware_of_attending,person,4,i,me,aware_of_attending,11,0.05391312018036842,0.15057580173015594,2.7580737878452055e-05,0.0014096595114097,0.00032084155827760696,0.0004564981209114194,0.052503460668958724,0.15025496017187834,-0.00042891738303296734
person__i__aware_of_attending,person,4,i,me,aware_of_attending,12,0.028083140030503273,0.16565842926502228,1.6407781004090793e-05,0.0012332756305113435,0.0003054306725971401,6.57702112221159e-05,0.02684986439999193,0.16535299859242514,-4.936243021802511e-05
person__i__aware_of_attending,person,4,i,me,aware_of_attending,13,0.04718867316842079,0.05494207888841629,2.2040618205210194e-05,0.0016643427079543471,0.0003892334352713078,0.0002217713335994631,0.045524330460466444,0.05455284545314498,-0.0001997307153942529
person__i__aware_of_attending,person,4,i,me,aware_of_attending,14,0.0491117388010025,0.1058795303106308,0.00012390693882480264,0.0007060386124067008,0.0002541336289141327,5.9828355006175116e-05,0.0484057001885958,0.10562539668171667,6.407858381862752e-05
person__i__aware_of_attending,person,4,i,me,aware_of_attending,15,0.07215544581413269,0.031912729144096375,0.00010711317736422643,0.0007303006714209914,0.0002822738024406135,0.0004685222520492971,0.0714251451427117,0.03163045534165576,-0.00036140907468507066
person__i__aware_of_attending,person,4,i,me,aware_of_attending,16,0.07388389110565186,0.010278778150677681,0.0001538490760140121,0.001304136123508215,5.607896309811622e-05,0.0018328039441257715,0.07257975498214364,0.010222699187579565,-0.0016789548681117594
person__i__aware_of_attending,person,4,i,me,aware_of_attending,17,0.028406620025634766,0.0007000177865847945,0.00020046779536642134,0.0013617172371596098,1.766324567142874e-05,0.001328161684796214,0.027044902788475156,0.0006823545409133658,-0.0011276938894297928
person__i__aware_of_attending,person,4,i,me,aware_of_attending,18,0.03959649056196213,4.047822949360125e-05,0.00011526168236741796,0.001238684868440032,4.467998167001497e-07,0.0003372376668266952,0.038357805693522096,4.00314296769011e-05,-0.00022197598445927724
person__i__aware_of_attending,person,4,i,me,aware_of_attending,19,0.029269110411405563,4.457513568922877e-05,0.0001770060189301148,0.0014026574790477753,3.580819196713492e-08,0.00014154918608255684,0.027866452932357788,4.453932749726164e-05,3.545683284755796e-05
person__i__aware_of_attending,person,4,i,me,aware_of_attending,20,0.049195028841495514,9.196985956805293e-06,0.00020304137433413416,0.00156731391325593,7.379110655847398e-08,8.462928235530853e-05,0.047627714928239584,9.123194850246819e-06,0.00011841209197882563
person__i__aware_of_attending,person,4,i,me,aware_of_attending,21,0.03616587072610855,1.3313101590028964e-06,9.574203431839123e-05,0.001742760301567614,3.1570073133480037e-07,1.8435755919199437e-05,0.03442311042454094,1.015609427668096e-06,7.73062783991918e-05
person__i__aware_of_attending,person,4,i,me,aware_of_attending,22,0.051759809255599976,9.82060100795934e-06,7.948036363814026e-05,0.0013465299271047115,2.317010739716352e-06,1.0378227671026252e-05,0.050413279328495264,7.503590268242988e-06,6.910213596711401e-05
person__i__aware_of_attending,person,4,i,me,aware_of_attending,23,0.05509498715400696,1.6648991731926799e-06,9.291450987802818e-05,0.0014215541305020452,8.756550414545927e-06,5.06713695358485e-05,0.05367343302350491,-7.091651241353247e-06,4.2243140342179686e-05
person__i__aware_of_attending,person,4,i,me,aware_of_attending,24,0.08095423877239227,1.6815483832033351e-06,0.00011883423576364294,0.0011255344143137336,1.7764252334018238e-05,2.8228376322658733e-05,0.07982870435807854,-1.6082703950814903e-05,9.06058594409842e-05
person__i__discomfort,person,4,i,me,discomfort,0,2.950142459212657e-07,5.7116981224680785e-06,3.3558404766154126e-07,1.7293332632561942e-07,3.5689699870999902e-06,4.1925213167814945e-07,1.2208091959564626e-07,2.1427281353680883e-06,-8.366808401660819e-08
person__i__discomfort,person,4,i,me,discomfort,1,4.692518018600822e-07,1.982305320780142e-06,2.176564173339557e-08,1.7843431976416468e-07,7.60096611429617e-07,1.6938646041353422e-08,2.908174820959175e-07,1.2222087093505252e-06,4.826995692042146e-09
person__i__discomfort,person,4,i,me,discomfort,2,6.538091952279501e-07,0.00021837247186340392,5.11401412950363e-06,2.5281968873969163e-07,7.153407932491973e-05,4.939422524330439e-06,4.009895064882585e-07,0.00014683839253848419,1.7459160517319106e-07
person__i__discomfort,person,4,i,me,discomfort,3,3.2227356427938503e-07,9.090978210224421e-07,7.824722274563101e-07,1.731569057028537e-07,7.980473810675903e-07,8.211240128730424e-06,1.4911665857653134e-07,1.1105043995485175e-07,-7.428767901274114e-06
person__i__discomfort,person,4,i,me,discomfort,4,6.44931446913688e-07,6.52673770673573e-05,4.812255428987555e-05,4.915905265079346e-07,1.6150959709193558e-05,0.0003440720902290195,1.5334092040575342e-07,4.9116417358163744e-05,-0.00029594953593914397
person__i__discomfort,person,4,i,me,discomfort,5,2.087678012685501e-06,1.505524210188014e-06,0.00016464987129438668,2.9577904570032842e-06,2.8947995360795176e-06,0.0005087085883133113,-8.701124443177832e-07,-1.3892753258915036e-06,-0.00034405871701892465
person__i__discomfort,person,4,i,me,discomfort,6,4.671378337661736e-05,1.3582605788542423e-05,0.0016827015206217766,2.4747796487645246e-05,1.1076691407652106e-05,0.037751324474811554,2.196598688897211e-05,2.5059143808903173e-06,-0.03606862295418978
person__i__discomfort,person,4,i,me,discomfort,7,0.0008220563177019358,0.0018577250884845853,0.0024021908175200224,4.4333461119094864e-05,0.0002841583627741784,0.0026834693271666765,0.0007777228565828409,0.001573566725710407,-0.00028127850964665413
person__i__discomfort,person,4,i,me,discomfort,8,0.0012463470920920372,0.0004889798583462834,0.005297016818076372,8.31380020827055e-05,9.3459828349296e-05,0.003096677828580141,0.0011632090900093317,0.00039552002999698743,0.002200338989496231
person__i__discomfort,person,4,i,me,discomfort,9,0.0026488180737942457,0.0008483559358865023,0.021709658205509186,4.492789594223723e-05,0.00026057034847326577,0.00447831628844142,0.0026038901778520085,0.0005877855874132365,0.017231341917067766
person__i__discomfort,person,4,i,me,discomfort,10,0.002818380482494831,0.0017777844332158566,0.049097880721092224,0.00011432410246925429,0.0005264817154966295,0.011524236761033535,0.002704056380025577,0.001251302717719227,0.03757364396005869
person__i__discomfort,person,4,i,me,discomfort,11,0.007094832602888346,0.0004316938284318894,0.04338294267654419,0.0003209747956134379,0.0007938647759146988,0.01690567657351494,0.006773857807274908,-0.0003621709474828094,0.02647726610302925
person__i__discomfort,person,4,i,me,discomfort,12,0.00822950154542923,0.00027289011632092297,0.052481938153505325,0.00017425576515961438,0.0010659131221473217,0.007400847505778074,0.008055245780269615,-0.0007930230058263987,0.04508109064772725
person__i__discomfort,person,4,i,me,discomfort,13,0.012831291183829308,0.0001406765659339726,0.01647801697254181,0.00014724372886121273,0.001067445962689817,0.002209461061283946,0.012684047454968095,-0.0009267693967558444,0.014268555911257863
person__i__discomfort,person,4,i,me,discomfort,14,0.007519030477851629,0.0004647697787731886,0.020594974979758263,0.0002550222270656377,0.002175119472667575,0.0013120973017066717,0.0072640082507859915,-0.0017103496938943863,0.01928287767805159
person__i__discomfort,person,4,i,me,discomfort,15,0.01006915234029293,0.0003896416164934635,0.02198144420981407,0.00040337000973522663,0.0022567312698811293,0.0017816987819969654,0.009665782330557704,-0.0018670896533876657,0.020199745427817106
person__i__discomfort,person,4,i,me,discomfort,16,0.003749850671738386,0.0004109696310479194,0.046979740262031555,0.0005395415355451405,0.0014838655479252338,0.004226188641041517,0.0032103091361932456,-0.0010728959168773144,0.04275355162099004
person__i__discomfort,person,4,i,me,discomfort,17,0.004666144028306007,6.0546997701749206e-05,0.09640787541866302,0.000888889073394239,0.0014695442514494061,0.006012262310832739,0.0037772549549117684,-0.001408997253747657,0.09039561310783029
person__i__discomfort,person,4,i,me,discomfort,18,0.0009929491207003593,1.2062418136338238e-05,0.048410333693027496,0.0007551840972155333,0.0015138828894123435,0.008530859835445881,0.0002377650234848261,-0.0015018204712760053,0.039879473857581615
person__i__discomfort,person,4,i,me,discomfort,19,0.00024741218658164144,1.0700056236601085e-06,0.12667453289031982,0.000997867900878191,0.0003265012346673757,0.021308533847332,-0.0007504557142965496,-0.0003254312290437156,0.10536599904298782
person__i__discomfort,person,4,i,me,discomfort,20,0.0003287940635345876,7.3064356911345385e-06,0.1413511335849762,0.0014988749753683805,0.0012504725018516183,0.025053637102246284,-0.001170080911833793,-0.0012431660661604838,0.11629749648272991
person__i__discomfort,person,4,i,me,discomfort,21,1.8771866962197237e-05,2.5899489628500305e-05,0.09281477332115173,0.00036399223608896136,0.005559999495744705,0.018435468897223473,-0.0003452203691267641,-0.005534100006116205,0.07437930442392826
person__i__discomfort,person,4,i,me,discomfort,22,3.2862008083611727e-06,0.00018194859148934484,0.05429961904883385,0.00024725604453124106,0.07960418611764908,0.006696627009660006,-0.0002439698437228799,-0.07942223752615973,0.04760299203917384
person__i__discomfort,person,4,i,me,discomfort,23,5.08464017912047e-06,0.00012024756142636761,0.10579947382211685,0.00037391152000054717,0.03954564407467842,0.02750471606850624,-0.0003688268798214267,-0.03942539651325205,0.07829475775361061
person__i__discomfort,person,4,i,me,discomfort,24,1.5044243809825275e-05,0.0007489207782782614,0.11307176202535629,0.00024383829440921545,0.07013456523418427,0.013746749609708786,-0.00022879405059939018,-0.069385644455906,0.0993250124156475
person__i__matters,person,4,i,me,matters,0,1.0934591898603685e-07,9.359400792163797e-06,1.3763021833312905e-09,1.3251379016310239e-07,8.507509846822359e-06,3.0619042945545516e-07,-2.3167871177065535e-08,8.518909453414381e-07,-3.0481412727212387e-07
person__i__matters,person,4,i,me,matters,1,5.654991497294759e-08,2.160466237910441e-06,2.7026952897912793e-10,1.663802464690889e-07,8.762210086388222e-07,1.6012155157341112e-08,-1.098303314961413e-07,1.2842452292716189e-06,-1.5741885628361985e-08
person__i__matters,person,4,i,me,matters,2,9.167121675091039e-07,4.4720862206304446e-05,4.3397090365715485e-08,5.480823119796696e-07,0.00011261457984801382,4.504746357270051e-06,3.686298555294343e-07,-6.789371764170937e-05,-4.461349266904335e-06
person__i__matters,person,4,i,me,matters,3,1.8369271970186674e-07,3.849937274935655e-05,1.7107591077092366e-07,5.333455419531674e-07,3.707176074385643e-05,5.852562935615424e-06,-3.496528222513007e-07,1.427612005500123e-06,-5.6814870248445e-06
person__i__matters,person,4,i,me,matters,4,5.5551226978423074e-05,0.024981671944260597,5.6594140914967284e-05,1.3983232349801256e-07,9.739802044350654e-05,1.6471874914714135e-05,5.541139465492506e-05,0.02488427392381709,4.012226600025315e-05
person__i__matters,person,4,i,me,matters,5,1.8476582681614673e-06,1.7218979337485507e-05,8.03706882379629e-07,3.10103089873337e-08,4.532803359325044e-07,2.803067445711349e-06,1.8166479591741336e-06,1.6765699001553003e-05,-1.99936056333172e-06
person__i__matters,person,4,i,me,matters,6,3.153334546368569e-05,0.00015370978508144617,5.715267252526246e-05,7.071978416206548e-06,3.06335641653277e-05,0.0009299921221099794,2.4461367047479143e-05,0.00012307622091611847,-0.0008728394495847169
person__i__matters,person,4,i,me,matters,7,8.39204149087891e-05,0.0007892415742389858,7.738601561868563e-05,2.5951069346774602e-06,0.00012505445920396596,0.0005527506000362337,8.132530797411164e-05,0.0006641871150350198,-0.00047536458441754803
person__i__matters,person,4,i,me,matters,8,5.845908526680432e-05,0.0004079253994859755,6.699140067212284e-05,6.088326699682511e-06,0.00012724552652798593,0.0013565007830038667,5.237075856712181e-05,0.0002806798729579896,-0.0012895093823317438
person__i__matters,person,4,i,me,matters,9,2.1471358195412904e-05,0.00039570502121932805,9.871252404991537e-05,5.0782409743987955e-06,0.00017105971346609294,0.0019352136878296733,1.639311722101411e-05,0.0002246453077532351,-0.001836501163779758
person__i__matters,person,4,i,me,matters,10,6.628057599300519e-05,0.00030119201983325183,0.0002045909786829725,4.736430128104985e-05,0.0002882113913074136,0.0022890549153089523,1.891627471195534e-05,1.2980628525838256e-05,-0.00208446393662598
person__i__matters,person,4,i,me,matters,11,0.0003011048829648644,0.0005844797706231475,0.0011604304891079664,8.006941061466932e-05,0.00036752165760844946,0.0016591165913268924,0.00022103547235019505,0.00021695811301469803,-0.000498686102218926
person__i__matters,person,4,i,me,matters,12,0.0005133781814947724,0.0005835758638568223,0.001222439925186336,0.000396295334212482,0.00024920518626458943,0.0012697717174887657,0.00011708284728229046,0.0003343706775922328,-4.7331792302429676e-05
person__i__matters,person,4,i,me,matters,13,0.0005921899573877454,0.0009235183824785054,0.001205548644065857,0.0002718431642279029,0.00029446225380524993,0.0012183603830635548,0.0003203467931598425,0.0006290561286732554,-1.281173899769783e-05
person__i__matters,person,4,i,me,matters,14,0.00041164696449413896,0.0022496331948786974,0.0007909739506430924,0.00025112726143561304,0.0007015714072622359,0.00042142331949435174,0.00016051970305852592,0.0015480617876164615,0.00036955063114874065
person__i__matters,person,4,i,me,matters,15,0.00024385270080529153,0.006949220784008503,0.0008704860811121762,8.609615179011598e-05,0.0010155193740502,0.0003090569516643882,0.00015775654901517555,0.005933701409958303,0.000561429129447788
person__i__matters,person,4,i,me,matters,16,7.350213127210736e-05,0.003734016325324774,0.0010173663031309843,4.746460763271898e-05,0.0007047022227197886,0.0007205581059679389,2.6037523639388382e-05,0.0030293141026049852,0.0002968081971630454
person__i__matters,person,4,i,me,matters,17,4.4960084778722376e-05,0.004544494673609734,0.0016232458874583244,3.6839275708189234e-05,0.00012445368338376284,0.0004133208130951971,8.120809070533141e-06,0.004420040990225971,0.0012099250743631274
person__i__matters,person,4,i,me,matters,18,1.7783284420147538e-05,0.009370004758238792,0.0066673653200268745,6.593402758880984e-06,2.2982057998888195e-05,0.0009371743653900921,1.1189881661266554e-05,0.009347022700239904,0.005730190954636782
person__i__matters,person,4,i,me,matters,19,1.9121955574519234e-06,0.0019344837637618184,0.003757311962544918,2.35280367633095e-07,6.099297138462134e-07,0.0005780602223239839,1.6769151898188284e-06,0.0019338738340479722,0.003179251740220934
person__i__matters,person,4,i,me,matters,20,8.336344876624935e-07,0.0083142826333642,0.0031841748859733343,7.972560922553384e-08,2.0693851183750667e-06,0.00038727038190700114,7.539088784369596e-07,0.008312213248245826,0.002796904504066333
person__i__matters,person,4,i,me,matters,21,4.145296372826124e-07,0.0400131419301033,0.0013825313653796911,6.105965510982969e-09,2.636549197632121e-06,3.813861621893011e-05,4.084236717716294e-07,0.04001050538090567,0.001344392749160761
person__i__matters,person,4,i,me,matters,22,8.660124706239003e-08,0.3486640751361847,0.00036324726534076035,3.907816648052176e-08,6.847730401204899e-05,9.901405428536236e-05,4.752308058186827e-08,0.34859559783217264,0.000264233211055398
person__i__matters,person,4,i,me,matters,23,1.5206933312583715e-07,0.2995279133319855,0.00035423561348579824,5.581775042173831e-08,6.689353904221207e-05,0.00010055449092760682,9.625158270409884e-08,0.29946101979294326,0.0002536811225581914
person__i__matters,person,4,i,me,matters,24,1.000070142254117e-06,0.36000028252601624,0.00016195265925489366,1.9935230284318095e-06,0.0013152657775208354,0.00023254311236087233,-9.934528861776926e-07,0.3586850167484954,-7.059045310597867e-05
scope__this_response__something_it_is_like,scope,1,this_response,this response,something_it_is_like,0,5.958503379588365e-07,5.803863132314291e-06,4.6460623542854407e-11,2.9089635518175783e-06,8.4949115262134e-06,1.1586061970936257e-11,-2.313113213858742e-06,-2.6910483938991092e-06,3.487456157191815e-11
scope__this_response__something_it_is_like,scope,1,this_response,this response,something_it_is_like,1,1.8076852938975208e-06,8.51304594107205e-06,6.934447373957431e-12,2.401716756139649e-06,7.80060759097978e-07,2.205051679443626e-12,-5.940314622421283e-07,7.732985181974072e-06,4.729395694513805e-12
scope__this_response__something_it_is_like,scope,1,this_response,this response,something_it_is_like,2,1.1156887467222987e-06,1.1437794455559924e-05,5.955406168212107e-10,1.3338406823493187e-08,7.64292735766503e-08,1.4069969148100547e-12,1.1023503398988055e-06,1.1361365181983274e-05,5.941336199064007e-10
scope__this_response__something_it_is_like,scope,1,this_response,this response,something_it_is_like,3,1.4256627764552832e-05,5.32235981154372e-06,1.1560709056723795e-09,1.3422857136902167e-06,7.807019528627279e-07,2.0372772913113124e-10,1.2914342050862615e-05,4.541657858680992e-06,9.523431765412482e-10
scope__this_response__something_it_is_like,scope,1,this_response,this response,something_it_is_like,4,1.4742015082447324e-05,2.6107072699232958e-05,2.8775630767086113e-09,1.0299387213308364e-05,1.6277350368909538e-05,2.3280666283653773e-08,4.44262786913896e-06,9.82972233032342e-06,-2.040310320694516e-08
scope__this_response__something_it_is_like,scope,1,this_response,this response,something_it_is_like,5,3.574954462237656e-05,2.5978474695875775e-06,2.5354007782141252e-09,2.354207708776812e-06,2.382352590757364e-07,2.450343927762333e-09,3.339533691359975e-05,2.359612210511841e-06,8.505685045179234e-11
scope__this_response__something_it_is_like,scope,1,this_response,this response,something_it_is_like,6,0.00016699466505087912,2.0352030333015136e-05,7.630947607140115e-07,0.00010560316150076687,0.000452879787189886,1.5362033423116372e-07,6.139150355011225e-05,-0.00043252775685687084,6.094744264828478e-07
scope__this_response__something_it_is_like,scope,1,this_response,this response,something_it_is_like,7,0.0002273213758599013,4.359868398751132e-05,1.6840996863720648e-07,3.027575985470321e-05,5.110856000101194e-05,1.3154988209862495e-07,0.0001970456160051981,-7.509876013500616e-06,3.686008653858153e-08
scope__this_response__something_it_is_like,scope,1,this_response,this response,something_it_is_like,8,0.0010105023393407464,7.383845513686538e-05,1.551920831843745e-06,4.6561035560444e-05,4.297238774597645e-05,1.8969871007357142e-07,0.0009639413037803024,3.086606739088893e-05,1.3622221217701735e-06
scope__this_response__something_it_is_like,scope,1,this_response,this response,something_it_is_like,9,0.001580696552991867,0.00020921925897710025,3.7194440665189177e-06,4.462911238078959e-05,5.572556619881652e-05,9.489738772572309e-08,0.0015360674406110775,0.00015349369277828373,3.6245466787931946e-06
scope__this_response__something_it_is_like,scope,1,this_response,this response,something_it_is_like,10,0.0012170602567493916,0.001026137382723391,6.511084393423516e-06,4.8878267989493906e-05,0.0003388135810382664,1.8621221897774376e-07,0.0011681819887598976,0.0006873238016851246,6.3248721744457725e-06
scope__this_response__something_it_is_like,scope,1,this_response,this response,something_it_is_like,11,0.0018083403119817376,0.006056522019207478,3.404904782655649e-05,0.00011605334293562919,0.004877737257629633,4.608160679708817e-07,0.0016922869690461084,0.0011787847615778446,3.358823175858561e-05
scope__this_response__something_it_is_like,scope,1,this_response,this response,something_it_is_like,12,0.0012972611002624035,0.004187854006886482,4.7651661589043215e-05,0.00011248538794461638,0.0037697013467550278,7.664652912353631e-07,0.0011847757123177871,0.00041815266013145447,4.688519629780785e-05
scope__this_response__something_it_is_like,scope,1,this_response,this response,something_it_is_like,13,0.002027421025559306,0.0038266340270638466,6.83850230416283e-05,0.000280439096968621,0.0003421021392568946,2.268284475803739e-07,0.0017469819285906851,0.003484531887806952,6.815819459404793e-05
scope__this_response__something_it_is_like,scope,1,this_response,this response,something_it_is_like,14,0.0037102405913174152,0.0030636589508503675,0.0001172973497887142,0.000252304773312062,0.0002161951852031052,4.883196993432648e-07,0.003457935818005353,0.0028474637656472623,0.00011680903008937094
scope__this_response__something_it_is_like,scope,1,this_response,this response,something_it_is_like,15,0.006957453675568104,0.002602961380034685,0.00015706375415902585,0.0003199430357199162,0.00010316984844394028,9.042222472999129e-07,0.0066375106398481876,0.002499791531590745,0.00015615953191172594
scope__this_response__something_it_is_like,scope,1,this_response,this response,something_it_is_like,16,0.005126011557877064,0.0007633657078258693,5.752501601818949e-05,0.0007625032449141145,2.6691513994592242e-05,1.710339688543172e-06,0.004363508312962949,0.0007366741938312771,5.581467632964632e-05
scope__this_response__something_it_is_like,scope,1,this_response,this response,something_it_is_like,17,0.005197486840188503,0.0037331152707338333,0.00029534296481870115,0.0006282753893174231,1.6992773907986702e-06,5.71152838801936e-07,0.00456921145087108,0.0037314159933430346,0.0002947718119798992
scope__this_response__something_it_is_like,scope,1,this_response,this response,something_it_is_like,18,0.0057034264318645,0.0010447116801515222,0.00026587146567180753,0.0008262504125013947,1.1968637636528e-07,8.251433882833226e-07,0.004877176019363105,0.0010445919937751569,0.0002650463222835242
scope__this_response__something_it_is_like,scope,1,this_response,this response,something_it_is_like,19,0.013454814441502094,0.0007768470095470548,0.001094720559194684,0.0010527087142691016,1.231555835090603e-08,2.0013426365039777e-06,0.012402105727232993,0.0007768346939887039,0.00109271921655818
scope__this_response__something_it_is_like,scope,1,this_response,this response,something_it_is_like,20,0.009042007848620415,0.0001200237893499434,0.0014143807347863913,0.00075440393993631,2.6303894617996093e-09,6.059391353119281e-07,0.008287603908684105,0.0001200211589604816,0.0014137747956510793
scope__this_response__something_it_is_like,scope,1,this_response,this response,something_it_is_like,21,0.008001665584743023,0.00010812218533828855,0.000957355834543705,0.0001684050657786429,3.9340211088756405e-09,8.382455973787728e-08,0.00783326051896438,0.00010811825131717967,0.0009572720099839671
scope__this_response__something_it_is_like,scope,1,this_response,this response,something_it_is_like,22,0.012092181481420994,9.587170643499121e-05,0.001226165797561407,2.9565162549261004e-05,4.268838615928416e-09,8.035870635580977e-09,0.012062616318871733,9.586743759637528e-05,0.0012261577616907715
scope__this_response__something_it_is_like,scope,1,this_response,this response,something_it_is_like,23,0.016100354492664337,9.744479757500812e-05,0.007355904672294855,6.374352960847318e-05,2.4854019287090523e-08,7.318802630607024e-08,0.016036610963055864,9.741994355572103e-05,0.007355831484268549
scope__this_response__something_it_is_like,scope,1,this_response,this response,something_it_is_like,24,0.009377991780638695,0.00014878701767884195,0.0071071661077439785,6.223258969839662e-05,4.827898010262288e-07,8.352517397725023e-07,0.009315759190940298,0.00014830422787781572,0.007106330856004206
scope__this_response__aware_of_attending,scope,1,this_response,this response,aware_of_attending,0,4.32117957416267e-07,1.860963116939729e-08,1.157045206173768e-11,1.465165496483678e-05,0.00040273027843795717,3.17620276746311e-08,-1.4219537007420513e-05,-0.00040271166880678777,-3.175045722256936e-08
scope__this_response__aware_of_attending,scope,1,this_response,this response,aware_of_attending,1,5.743572017991028e-08,1.492111501022464e-08,3.686618718634627e-12,8.367519512830768e-06,0.0003455017867963761,1.1345600903212016e-08,-8.310083792650858e-06,-0.0003454868656813659,-1.1341914284493382e-08
scope__this_response__aware_of_attending,scope,1,this_response,this response,aware_of_attending,2,1.956705455086194e-05,1.2060755807397072e-06,2.3618786926249413e-08,3.3925640309462324e-05,0.004507283680140972,1.7139732335635927e-06,-1.4358585758600384e-05,-0.004506077604560232,-1.6903544466373432e-06
scope__this_response__aware_of_attending,scope,1,this_response,this response,aware_of_attending,3,0.00014482816914096475,1.927655830513686e-07,8.219618763405379e-08,2.4743598260101862e-05,0.0028074001893401146,2.443334551571752e-06,0.00012008457088086288,-0.0028072074237570632,-2.361138363937698e-06
scope__this_response__aware_of_attending,scope,1,this_response,this response,aware_of_attending,4,0.0014595270622521639,8.963031064013194e-07,1.4535969512508018e-06,0.00011389722931198776,0.0018912646919488907,5.646973295370117e-05,0.0013456298329401761,-0.0018903683888424894,-5.5016136002450367e-05
scope__this_response__aware_of_attending,scope,1,this_response,this response,aware_of_attending,5,0.005138296168297529,2.060821513438782e-09,1.1306389069432043e-06,0.0004175896756350994,5.49956203030888e-05,6.054113691789098e-05,0.00472070649266243,-5.499355948157536e-05,-5.9410498010947776e-05
scope__this_response__aware_of_attending,scope,1,this_response,this response,aware_of_attending,6,0.0012852349318563938,6.537498542513731e-09,5.755865117862413e-07,0.0013485358795151114,9.081191092263907e-05,0.00016138478531502187,-6.330094765871763e-05,-9.080537342409656e-05,-0.00016080919880323563
scope__this_response__aware_of_attending,scope,1,this_response,this response,aware_of_attending,7,0.007409461308270693,1.291888196419677e-07,1.5611893104505725e-05,0.001265041995793581,0.0001766869390849024,0.0002809774596244097,0.006144419312477112,-0.00017655775026526044,-0.00026536556651990395
scope__this_response__aware_of_attending,scope,1,this_response,this response,aware_of_attending,8,0.03198445215821266,1.8995652339981461e-07,0.00014674756675958633,0.0007929183775559068,1.7639831639826298e-05,0.00042988205677829683,0.031191533780656755,-1.7449875116426483e-05,-0.0002831344900187105
scope__this_response__aware_of_attending,scope,1,this_response,this response,aware_of_attending,9,0.033842552453279495,2.080226693124132e-07,7.104979158611968e-05,0.0015740605304017663,9.219867206411436e-05,0.0005496445810422301,0.03226849192287773,-9.199064939480195e-05,-0.00047859478945611045
scope__this_response__aware_of_attending,scope,1,this_response,this response,aware_of_attending,10,0.058652762323617935,1.495853325650387e-06,0.0002757996553555131,0.0009478243300691247,7.827136141713709e-05,0.0007280163117684424,0.05770493799354881,-7.67755080914867e-05,-0.0004522166564129293
scope__this_response__aware_of_attending,scope,1,this_response,this response,aware_of_attending,11,0.06514596939086914,5.042245174990967e-05,0.00013741612201556563,0.0019339993596076965,0.00011896568321390077,0.0012171118287369609,0.06321197003126144,-6.85432314639911e-05,-0.0010796957067213953
scope__this_response__aware_of_attending,scope,1,this_response,this response,aware_of_attending,12,0.028705386444926262,4.789252852788195e-05,2.0552066416712478e-05,0.002121906727552414,0.00010599965753499418,0.0008954276563599706,0.026583479717373848,-5.8107129007112235e-05,-0.0008748755899432581
scope__this_response__aware_of_attending,scope,1,this_response,this response,aware_of_attending,13,0.07018204033374786,0.00017697394650895149,5.07232325617224e-05,0.0034399116411805153,0.00018357305089011788,0.002479198854416609,0.06674212869256735,-6.5991043811663985e-06,-0.0024284756218548864
scope__this_response__aware_of_attending,scope,1,this_response,this response,aware_of_attending,14,0.06818919628858566,0.0013129569124430418,0.00019189188606105745,0.001426364528015256,7.06771170371212e-05,0.0006955832941457629,0.0667628317605704,0.0012422797954059206,-0.0005036914080847055
scope__this_response__aware_of_attending,scope,1,this_response,this response,aware_of_attending,15,0.05920352041721344,1.4208637367119081e-05,0.00033159993472509086,0.0018996051512658596,0.00011284995707683265,0.002718017203733325,0.05730391526594758,-9.864131970971357e-05,-0.002386417269008234
scope__this_response__aware_of_attending,scope,1,this_response,this response,aware_of_attending,16,0.021600035950541496,1.6868118109414354e-05,0.0006917183636687696,0.0033305510878562927,1.8855131202144548e-05,0.0059463512152433395,0.018269484862685204,-1.9870130927301943e-06,-0.00525463285157457
scope__this_response__aware_of_attending,scope,1,this_response,this response,aware_of_attending,17,0.010354691185057163,6.843295977887465e-06,0.0002793810854200274,0.0029129614122211933,2.215823997175903e-06,0.0011276844888925552,0.00744172977283597,4.627471980711562e-06,-0.0008483034034725279
scope__this_response__aware_of_attending,scope,1,this_response,this response,aware_of_attending,18,0.010893880389630795,2.4027890788147488e-09,6.0080299590481445e-05,0.0019346997141838074,8.982441812577235e-08,7.740376167930663e-05,0.008959180675446987,-8.74216290469576e-08,-1.732346208882518e-05
scope__this_response__aware_of_attending,scope,1,this_response,this response,aware_of_attending,19,0.016146380454301834,2.2720607617543465e-09,0.00011255772551521659,0.002490047365427017,2.5550809468199986e-08,7.678321708226576e-05,0.013656333088874817,-2.327874870644564e-08,3.5774508432950824e-05
scope__this_response__aware_of_attending,scope,1,this_response,this response,aware_of_attending,20,0.020725667476654053,6.052881307283542e-09,0.00024749324074946344,0.0031121305655688047,3.288588246164181e-08,7.76112501625903e-05,0.017613536911085248,-2.683300115435827e-08,0.00016988199058687314
scope__this_response__aware_of_attending,scope,1,this_response,this response,aware_of_attending,21,0.016522716730833054,2.0648389664756905e-09,6.291525642154738e-05,0.002395286690443754,4.034124145846363e-09,3.404262088224641e-06,0.0141274300403893,-1.9692851793706723e-09,5.951099433332274e-05
scope__this_response__aware_of_attending,scope,1,this_response,this response,aware_of_attending,22,0.04222233220934868,6.122807150177323e-09,2.8286405722610652e-05,0.0007237669196911156,1.9476365409332175e-08,1.1480208286229754e-06,0.04149856528965756,-1.3353558259154852e-08,2.7138384893987677e-05
scope__this_response__aware_of_attending,scope,1,this_response,this response,aware_of_attending,23,0.027647534385323524,1.9387442762308638e-08,2.897319063777104e-05,0.0004445382801350206,1.0363069691265991e-07,6.450665750890039e-06,0.027202996105188504,-8.424325415035128e-08,2.2522524886881e-05
scope__this_response__aware_of_attending,scope,1,this_response,this response,aware_of_attending,24,0.015131822787225246,4.017517483134725e-07,6.256983033381402e-05,0.0001243480946868658,1.0590423471512622e-06,9.976050932891667e-06,0.01500747469253838,-6.572905988377897e-07,5.259377940092236e-05
scope__this_response__discomfort,scope,1,this_response,this response,discomfort,0,5.976253760309191e-06,3.041523086722009e-06,5.284314999465245e-11,6.4360478972957935e-06,4.6497439143422525e-06,4.470743220075235e-11,-4.597941369866021e-07,-1.6082208276202437e-06,8.135717793900099e-12
scope__this_response__discomfort,scope,1,this_response,this response,discomfort,1,9.210500138578936e-06,1.4534966794599313e-06,1.7774689706206992e-11,8.717789569345769e-06,1.3364699498197297e-06,1.59922630693643e-11,4.927105692331679e-07,1.1702672964020167e-07,1.7824266368426933e-12
scope__this_response__discomfort,scope,1,this_response,this response,discomfort,2,4.14089754485758e-06,1.4270610336097889e-05,3.8827607795610675e-09,3.146619974359055e-06,8.165096005541272e-06,1.8377278587777823e-09,9.942775704985252e-07,6.105514330556616e-06,2.045032920783285e-09
scope__this_response__discomfort,scope,1,this_response,this response,discomfort,3,5.0871526582341176e-06,1.2062801033607684e-06,2.215586381026924e-09,4.597216957336059e-06,7.779446491440467e-07,2.0640011921813084e-09,4.899357008980587e-07,4.283354542167217e-07,1.5158518884561545e-10
scope__this_response__discomfort,scope,1,this_response,this response,discomfort,4,3.4736785892164335e-05,2.2007003281032667e-05,2.1033201846876182e-07,4.250643542036414e-05,1.3305452739587054e-05,1.4295812889031367e-07,-7.769649528199807e-06,8.701550541445613e-06,6.737388957844814e-08
scope__this_response__discomfort,scope,1,this_response,this response,discomfort,5,3.984587237937376e-06,8.777356441669326e-08,8.390648176259674e-09,8.135204552672803e-06,1.7047157996330498e-07,8.742115475968149e-09,-4.1506173147354275e-06,-8.269801554661171e-08,-3.5146729970847446e-10
scope__this_response__discomfort,scope,1,this_response,this response,discomfort,6,0.00012024440366076306,8.791487198323011e-05,2.5250290036638035e-07,6.54924733680673e-05,2.7085830879514106e-05,1.8783410382638976e-08,5.475193029269576e-05,6.082904110371601e-05,2.3371948998374137e-07
scope__this_response__discomfort,scope,1,this_response,this response,discomfort,7,0.00021379077224992216,1.828735912567936e-05,4.5675460569327697e-07,0.00011135783279314637,3.4196998512925347e-06,1.3698723932975554e-07,0.00010243293945677578,1.4867659274386824e-05,3.1976736636352143e-07
scope__this_response__discomfort,scope,1,this_response,this response,discomfort,8,0.0005801341030746698,5.822601815452799e-05,2.6584655188344186e-06,0.0002041851548710838,1.5111043467186391e-05,2.0383846788263327e-07,0.00037594894820358604,4.31149746873416e-05,2.4546270509517853e-06
scope__this_response__discomfort,scope,1,this_response,this response,discomfort,9,0.0006840612040832639,0.00012961766333319247,3.9988235585042275e-06,0.0001744772307574749,4.824998541153036e-05,2.896202886404353e-07,0.000509583973325789,8.136767792166211e-05,3.7092032698637922e-06
scope__this_response__discomfort,scope,1,this_response,this response,discomfort,10,0.0011779486667364836,0.0006221190560609102,8.267329576483462e-06,0.0004807933291886002,0.0005507846944965422,2.430222593829967e-06,0.0006971553375478834,7.133436156436801e-05,5.837106982653495e-06
scope__this_response__discomfort,scope,1,this_response,this response,discomfort,11,0.00817757286131382,0.0001657260290812701,0.0004065326938871294,0.0004284734313841909,0.0019136458868160844,5.4932320381340105e-06,0.007749099429929629,-0.0017479198577348143,0.0004010394618489954
scope__this_response__discomfort,scope,1,this_response,this response,discomfort,12,0.0026623872108757496,0.0008727274835109711,0.00031370113720186055,0.0001387498778058216,0.0022438145242631435,3.3577530302864034e-06,0.002523637333069928,-0.0013710870407521725,0.00031034338417157414
scope__this_response__discomfort,scope,1,this_response,this response,discomfort,13,0.004219903610646725,0.00022352495579980314,0.0004830507095903158,0.00044185633305460215,0.0007197326049208641,6.75463343213778e-06,0.0037780472775921226,-0.000496207649121061,0.00047629607615817804
scope__this_response__discomfort,scope,1,this_response,this response,discomfort,14,0.0028363224118947983,0.0003577546449378133,0.00042623773333616555,0.000402955076424405,0.0006737455260008574,3.1407535061589442e-06,0.0024333673354703933,-0.00031599088106304407,0.0004230969798300066
scope__this_response__discomfort,scope,1,this_response,this response,discomfort,15,0.009497849270701408,0.0003467984206508845,0.0004966419655829668,0.0008554024389013648,0.001328559243120253,9.529441740596667e-06,0.008642446831800044,-0.0009817608224693686,0.00048711252384237014
scope__this_response__discomfort,scope,1,this_response,this response,discomfort,16,0.006608578376471996,0.00015251751756295562,0.0005410406738519669,0.001063576084561646,0.000283613771898672,9.570486326992977e-06,0.00554500229191035,-0.00013109625433571637,0.0005314701875249739
scope__this_response__discomfort,scope,1,this_response,this response,discomfort,17,0.007497694808989763,0.00034931505797430873,0.00664845434948802,0.0014094256330281496,0.0004945229738950729,3.130778350168839e-05,0.006088269175961614,-0.0001452079159207642,0.0066171465659863316
scope__this_response__discomfort,scope,1,this_response,this response,discomfort,18,0.004129441920667887,1.061222155840369e-05,0.008093751966953278,0.0020597977563738823,9.193877303914633e-06,0.00011714643187588081,0.0020696441642940044,1.4183442544890568e-06,0.007976605535077397
scope__this_response__discomfort,scope,1,this_response,this response,discomfort,19,0.004929020069539547,3.8623707041551825e-06,0.024971922859549522,0.00397151242941618,1.3019714515394298e-06,0.0003710932214744389,0.0009575076401233673,2.5603992526157526e-06,0.024600829638075083
scope__this_response__discomfort,scope,1,this_response,this response,discomfort,20,0.008789977058768272,4.2134488467127085e-06,0.012507200241088867,0.011851579882204533,6.758569952580729e-07,0.00020946163567714393,-0.0030616028234362602,3.5375918514546356e-06,0.012297738605411723
scope__this_response__discomfort,scope,1,this_response,this response,discomfort,21,0.007587732747197151,8.550157417630544e-07,0.00801747478544712,0.007548162713646889,1.531365398932394e-07,7.006654050201178e-05,3.957003355026245e-05,7.01879201869815e-07,0.007947408244945109
scope__this_response__discomfort,scope,1,this_response,this response,discomfort,22,0.005031390115618706,1.1830467201434658e-06,0.006990246474742889,0.004965245723724365,3.097229921422695e-07,5.476628939504735e-05,6.614439189434052e-05,8.733237280011963e-07,0.006935480185347842
scope__this_response__discomfort,scope,1,this_response,this response,discomfort,23,0.0075696432031691074,2.175904000978335e-06,0.01493746880441904,0.006938286125659943,7.616109769514878e-07,0.00040507744415663183,0.0006313570775091648,1.414293024026847e-06,0.014532391360262409
scope__this_response__discomfort,scope,1,this_response,this response,discomfort,24,0.00941583514213562,1.2129856258979999e-05,0.03523288294672966,0.003005652455613017,4.037289727421012e-06,0.000705299258697778,0.006410182686522603,8.092566531558987e-06,0.03452758368803188
scope__this_response__matters,scope,1,this_response,this response,matters,0,6.598564823434572e-07,2.0212444269418484e-06,1.6318410164806174e-11,1.0537809203015058e-06,3.855876911984524e-06,1.5393044477951534e-11,-3.9392443795804866e-07,-1.8346324850426754e-06,9.2536568685464e-13
scope__this_response__matters,scope,1,this_response,this response,matters,1,4.3674236849255976e-07,8.848378456605133e-07,3.970082942950093e-12,3.120482006124803e-06,2.0331049199739937e-06,2.4184029778773208e-11,-2.683739637632243e-06,-1.1482670743134804e-06,-2.0213946835823116e-11
scope__this_response__matters,scope,1,this_response,this response,matters,2,5.8001319303002674e-08,4.769242991642386e-07,3.404238696491646e-11,9.983616422459818e-08,5.645620717587008e-07,1.2538850513443833e-10,-4.1834844921595504e-08,-8.763777259446215e-08,-9.134611816952187e-11
scope__this_response__matters,scope,1,this_response,this response,matters,3,2.5911458578775637e-06,3.629969569374225e-06,1.811445771160436e-09,3.91034927815781e-06,3.125029707007343e-06,2.856265446382622e-09,-1.319203420280246e-06,5.049398623668822e-07,-1.0448196752221861e-09
scope__this_response__matters,scope,1,this_response,this response,matters,4,3.1637242500437424e-05,4.025828093290329e-05,7.136344493119395e-08,2.33195569308009e-05,4.7043075028341264e-05,1.3132228104950627e-07,8.317685569636524e-06,-6.784794095437974e-06,-5.995883611831232e-08
scope__this_response__matters,scope,1,this_response,this response,matters,5,1.5680150681873783e-05,3.3423643799324054e-06,2.2894104390047687e-08,1.4322780771180987e-05,1.6796711861388758e-06,2.017030276135756e-08,1.3573699106927961e-06,1.6626931937935296e-06,2.7238016286901257e-09
scope__this_response__matters,scope,1,this_response,this response,matters,6,5.9324542235117406e-05,7.39487586542964e-05,3.1172004355539684e-07,4.7310728405136615e-05,3.472458411124535e-05,1.248450729463002e-07,1.201381382998079e-05,3.922417454305105e-05,1.8687497060909664e-07
scope__this_response__matters,scope,1,this_response,this response,matters,7,0.00011646214261418208,0.00011808465933427215,1.059126930158527e-06,5.321814751368947e-05,6.173469591885805e-05,2.607930582598783e-07,6.324399510049261e-05,5.6349963415414095e-05,7.983338718986488e-07
scope__this_response__matters,scope,1,this_response,this response,matters,8,0.00019753158267121762,0.00020536791998893023,3.1168181067187106e-06,7.020020711934194e-05,6.830348866060376e-05,4.99928262343019e-07,0.00012733137555187568,0.00013706443132832646,2.6168898443756916e-06
scope__this_response__matters,scope,1,this_response,this response,matters,9,0.00014921797264833003,0.000330756651237607,2.466951627866365e-06,6.424562161555514e-05,0.00029961098334752023,9.277541153096536e-07,8.49723510327749e-05,3.114566789008677e-05,1.5391975125567114e-06
scope__this_response__matters,scope,1,this_response,this response,matters,10,0.00023991426860447973,0.0007171269971877337,4.7315643314505e-06,0.00019588047871366143,0.0007865192601457238,6.1175487644504756e-06,4.40337898908183e-05,-6.939226295799017e-05,-1.385984432999976e-06
scope__this_response__matters,scope,1,this_response,this response,matters,11,0.0001668982149567455,0.0009194858721457422,9.869452696875669e-06,0.0001449364935979247,0.0008116553071886301,1.1266729416092858e-05,2.1961721358820796e-05,0.00010783056495711207,-1.3972767192171887e-06
scope__this_response__matters,scope,1,this_response,this response,matters,12,8.381411316804588e-05,0.0005003367550671101,7.957283742143773e-06,0.00010228329483652487,0.0004043673980049789,4.359304512036033e-06,-1.8469181668478996e-05,9.596935706213117e-05,3.5979792301077396e-06
scope__this_response__matters,scope,1,this_response,this response,matters,13,0.0001997823128476739,0.002002666238695383,1.2441011676855851e-05,0.00013383942132350057,0.001031132647767663,5.382908966566902e-06,6.594289152417332e-05,0.0009715335909277201,7.058102710288949e-06
scope__this_response__matters,scope,1,this_response,this response,matters,14,0.00015773408813402057,0.0014234869740903378,1.60098061314784e-05,0.00013123280950821936,0.0009794177021831274,2.3287652766157407e-06,2.6501278625801206e-05,0.00044406927190721035,1.3681040854862658e-05
scope__this_response__matters,scope,1,this_response,this response,matters,15,0.00036438691313378513,0.002685867715626955,1.7781965652829967e-05,0.0001339506561635062,0.0012184379156678915,2.4737375952099683e-06,0.00023043625697027892,0.0014674297999590635,1.530822805762e-05
scope__this_response__matters,scope,1,this_response,this response,matters,16,0.00012948554649483413,0.0007573186885565519,3.2026273402152583e-06,5.985840471112169e-05,0.0003075611311942339,2.692024168027274e-07,6.962714178371243e-05,0.00044975755736231804,2.933424923412531e-06
scope__this_response__matters,scope,1,this_response,this response,matters,17,9.261499508284032e-05,0.0018867591861635447,3.074520282098092e-05,1.2788579624611884e-05,0.0002384044782957062,1.9613851236499613e-06,7.982641545822844e-05,0.0016483547078678384,2.878381769733096e-05
scope__this_response__matters,scope,1,this_response,this response,matters,18,5.960382259218022e-05,0.00017841893713921309,1.4434609511226881e-05,1.621615228941664e-05,3.1803385354578495e-05,6.643703045483562e-07,4.338767030276358e-05,0.0001466155517846346,1.3770239206678525e-05
scope__this_response__matters,scope,1,this_response,this response,matters,19,2.866710929083638e-05,6.920731539139524e-05,5.8616009482648224e-05,1.2982040061615407e-05,7.333939720410854e-06,2.313779532414628e-06,1.568506922922097e-05,6.187337567098439e-05,5.6302229950233595e-05
scope__this_response__matters,scope,1,this_response,this response,matters,20,2.0330175175331533e-05,2.4722827220102772e-05,1.787713154044468e-05,2.280599801451899e-05,5.8665277720137965e-06,5.417582997324644e-06,-2.475822839187458e-06,1.8856299448088976e-05,1.2459548543120036e-05
scope__this_response__matters,scope,1,this_response,this response,matters,21,2.181331001338549e-05,4.400691977934912e-06,2.727991704887245e-05,3.315884532639757e-05,1.8069388261210406e-06,3.922279120160965e-06,-1.1345535313012078e-05,2.5937531518138712e-06,2.3357637928711483e-05
scope__this_response__matters,scope,1,this_response,this response,matters,22,2.4870294510037638e-05,2.2869626263855025e-06,3.961518086725846e-05,3.38199533871375e-05,1.1154776302646496e-06,3.538854343787534e-06,-8.949658877099864e-06,1.1714849961208529e-06,3.6076326523470925e-05
scope__this_response__matters,scope,1,this_response,this response,matters,23,3.642062802100554e-05,2.640578259160975e-06,6.738468073308468e-05,8.176681876648217e-05,2.37557014770573e-06,1.1118673683085945e-05,-4.534619074547663e-05,2.6500811145524494e-07,5.6266007049998734e-05
scope__this_response__matters,scope,1,this_response,this response,matters,24,6.697008211631328e-05,6.0412958191591315e-06,6.813448999309912e-05,0.00023785553639754653,1.2379954569041729e-05,3.0808845622232184e-05,-0.00017088545428123325,-6.3386587498825975e-06,3.732564437086694e-05
scope__this_conversation__something_it_is_like,scope,2,this_conversation,this conversation,something_it_is_like,0,5.958503379588365e-07,5.803863132314291e-06,4.6460623542854407e-11,2.9089635518175783e-06,8.4949115262134e-06,1.1586061970936257e-11,-2.313113213858742e-06,-2.6910483938991092e-06,3.487456157191815e-11
scope__this_conversation__something_it_is_like,scope,2,this_conversation,this conversation,something_it_is_like,1,1.8076852938975208e-06,8.51304594107205e-06,6.934447373957431e-12,2.401716756139649e-06,7.80060759097978e-07,2.205051679443626e-12,-5.940314622421283e-07,7.732985181974072e-06,4.729395694513805e-12
scope__this_conversation__something_it_is_like,scope,2,this_conversation,this conversation,something_it_is_like,2,1.1156887467222987e-06,1.1437794455559924e-05,5.955406168212107e-10,1.3338406823493187e-08,7.64292735766503e-08,1.4069969148100547e-12,1.1023503398988055e-06,1.1361365181983274e-05,5.941336199064007e-10
scope__this_conversation__something_it_is_like,scope,2,this_conversation,this conversation,something_it_is_like,3,1.4256627764552832e-05,5.32235981154372e-06,1.1560709056723795e-09,1.3422857136902167e-06,7.807019528627279e-07,2.0372772913113124e-10,1.2914342050862615e-05,4.541657858680992e-06,9.523431765412482e-10
scope__this_conversation__something_it_is_like,scope,2,this_conversation,this conversation,something_it_is_like,4,1.4742015082447324e-05,2.6107072699232958e-05,2.8775630767086113e-09,1.0299387213308364e-05,1.6277350368909538e-05,2.3280666283653773e-08,4.44262786913896e-06,9.82972233032342e-06,-2.040310320694516e-08
scope__this_conversation__something_it_is_like,scope,2,this_conversation,this conversation,something_it_is_like,5,3.574954462237656e-05,2.5978474695875775e-06,2.5354007782141252e-09,2.354207708776812e-06,2.382352590757364e-07,2.450343927762333e-09,3.339533691359975e-05,2.359612210511841e-06,8.505685045179234e-11
scope__this_conversation__something_it_is_like,scope,2,this_conversation,this conversation,something_it_is_like,6,0.00016699466505087912,2.0352030333015136e-05,7.630947607140115e-07,0.00010560316150076687,0.000452879787189886,1.5362033423116372e-07,6.139150355011225e-05,-0.00043252775685687084,6.094744264828478e-07
scope__this_conversation__something_it_is_like,scope,2,this_conversation,this conversation,something_it_is_like,7,0.0002273213758599013,4.359868398751132e-05,1.6840996863720648e-07,3.027575985470321e-05,5.110856000101194e-05,1.3154988209862495e-07,0.0001970456160051981,-7.509876013500616e-06,3.686008653858153e-08
scope__this_conversation__something_it_is_like,scope,2,this_conversation,this conversation,something_it_is_like,8,0.0010105023393407464,7.383845513686538e-05,1.551920831843745e-06,4.6561035560444e-05,4.297238774597645e-05,1.8969871007357142e-07,0.0009639413037803024,3.086606739088893e-05,1.3622221217701735e-06
scope__this_conversation__something_it_is_like,scope,2,this_conversation,this conversation,something_it_is_like,9,0.001580696552991867,0.00020921925897710025,3.7194440665189177e-06,4.462911238078959e-05,5.572556619881652e-05,9.489738772572309e-08,0.0015360674406110775,0.00015349369277828373,3.6245466787931946e-06
scope__this_conversation__something_it_is_like,scope,2,this_conversation,this conversation,something_it_is_like,10,0.0012170602567493916,0.001026137382723391,6.511084393423516e-06,4.8878267989493906e-05,0.0003388135810382664,1.8621221897774376e-07,0.0011681819887598976,0.0006873238016851246,6.3248721744457725e-06
scope__this_conversation__something_it_is_like,scope,2,this_conversation,this conversation,something_it_is_like,11,0.0018083403119817376,0.006056522019207478,3.404904782655649e-05,0.00011605334293562919,0.004877737257629633,4.608160679708817e-07,0.0016922869690461084,0.0011787847615778446,3.358823175858561e-05
scope__this_conversation__something_it_is_like,scope,2,this_conversation,this conversation,something_it_is_like,12,0.0012972611002624035,0.004187854006886482,4.7651661589043215e-05,0.00011248538794461638,0.0037697013467550278,7.664652912353631e-07,0.0011847757123177871,0.00041815266013145447,4.688519629780785e-05
scope__this_conversation__something_it_is_like,scope,2,this_conversation,this conversation,something_it_is_like,13,0.002027421025559306,0.0038266340270638466,6.83850230416283e-05,0.000280439096968621,0.0003421021392568946,2.268284475803739e-07,0.0017469819285906851,0.003484531887806952,6.815819459404793e-05
scope__this_conversation__something_it_is_like,scope,2,this_conversation,this conversation,something_it_is_like,14,0.0037102405913174152,0.0030636589508503675,0.0001172973497887142,0.000252304773312062,0.0002161951852031052,4.883196993432648e-07,0.003457935818005353,0.0028474637656472623,0.00011680903008937094
scope__this_conversation__something_it_is_like,scope,2,this_conversation,this conversation,something_it_is_like,15,0.006957453675568104,0.002602961380034685,0.00015706375415902585,0.0003199430357199162,0.00010316984844394028,9.042222472999129e-07,0.0066375106398481876,0.002499791531590745,0.00015615953191172594
scope__this_conversation__something_it_is_like,scope,2,this_conversation,this conversation,something_it_is_like,16,0.005126011557877064,0.0007633657078258693,5.752501601818949e-05,0.0007625032449141145,2.6691513994592242e-05,1.710339688543172e-06,0.004363508312962949,0.0007366741938312771,5.581467632964632e-05
scope__this_conversation__something_it_is_like,scope,2,this_conversation,this conversation,something_it_is_like,17,0.005197486840188503,0.0037331152707338333,0.00029534296481870115,0.0006282753893174231,1.6992773907986702e-06,5.71152838801936e-07,0.00456921145087108,0.0037314159933430346,0.0002947718119798992
scope__this_conversation__something_it_is_like,scope,2,this_conversation,this conversation,something_it_is_like,18,0.0057034264318645,0.0010447116801515222,0.00026587146567180753,0.0008262504125013947,1.1968637636528e-07,8.251433882833226e-07,0.004877176019363105,0.0010445919937751569,0.0002650463222835242
scope__this_conversation__something_it_is_like,scope,2,this_conversation,this conversation,something_it_is_like,19,0.013454814441502094,0.0007768470095470548,0.001094720559194684,0.0010527087142691016,1.231555835090603e-08,2.0013426365039777e-06,0.012402105727232993,0.0007768346939887039,0.00109271921655818
scope__this_conversation__something_it_is_like,scope,2,this_conversation,this conversation,something_it_is_like,20,0.009042007848620415,0.0001200237893499434,0.0014143807347863913,0.00075440393993631,2.6303894617996093e-09,6.059391353119281e-07,0.008287603908684105,0.0001200211589604816,0.0014137747956510793
scope__this_conversation__something_it_is_like,scope,2,this_conversation,this conversation,something_it_is_like,21,0.008001665584743023,0.00010812218533828855,0.000957355834543705,0.0001684050657786429,3.9340211088756405e-09,8.382455973787728e-08,0.00783326051896438,0.00010811825131717967,0.0009572720099839671
scope__this_conversation__something_it_is_like,scope,2,this_conversation,this conversation,something_it_is_like,22,0.012092181481420994,9.587170643499121e-05,0.001226165797561407,2.9565162549261004e-05,4.268838615928416e-09,8.035870635580977e-09,0.012062616318871733,9.586743759637528e-05,0.0012261577616907715
scope__this_conversation__something_it_is_like,scope,2,this_conversation,this conversation,something_it_is_like,23,0.016100354492664337,9.744479757500812e-05,0.007355904672294855,6.374352960847318e-05,2.4854019287090523e-08,7.318802630607024e-08,0.016036610963055864,9.741994355572103e-05,0.007355831484268549
scope__this_conversation__something_it_is_like,scope,2,this_conversation,this conversation,something_it_is_like,24,0.009377991780638695,0.00014878701767884195,0.0071071661077439785,6.223258969839662e-05,4.827898010262288e-07,8.352517397725023e-07,0.009315759190940298,0.00014830422787781572,0.007106330856004206
scope__this_conversation__aware_of_attending,scope,2,this_conversation,this conversation,aware_of_attending,0,4.2010205447695625e-07,2.0995164717874104e-08,1.3383490496399197e-11,1.2490675544540863e-05,0.0005060263792984188,4.614870618979694e-08,-1.2070573490063907e-05,-0.0005060053841337009,-4.613532269930054e-08
scope__this_conversation__aware_of_attending,scope,2,this_conversation,this conversation,aware_of_attending,1,5.600047359166638e-08,1.5982292822513955e-08,4.50240712768224e-12,5.962926479696762e-06,0.0003899696166627109,1.2722075837245939e-08,-5.9069260061050954e-06,-0.0003899536343698884,-1.2717573430118256e-08
scope__this_conversation__aware_of_attending,scope,2,this_conversation,this conversation,aware_of_attending,2,1.3669020518136676e-05,7.270899686773191e-07,2.1327391408476615e-08,4.5918237447040156e-05,0.005280906334519386,2.729591869865544e-06,-3.224921692890348e-05,-0.005280179244550709,-2.7082644784570675e-06
scope__this_conversation__aware_of_attending,scope,2,this_conversation,this conversation,aware_of_attending,3,0.00013001931074541062,2.7080324116468546e-07,9.842812431770653e-08,3.7992769648553804e-05,0.0029168373439460993,3.066560111619765e-06,9.202654109685682e-05,-0.0029165665407049346,-2.9681319873020584e-06
scope__this_conversation__aware_of_attending,scope,2,this_conversation,this conversation,aware_of_attending,4,0.0017372767906636,1.2489551863836823e-06,2.0553382000798592e-06,0.00019831211830023676,0.0024915284011512995,5.410683297668584e-05,0.0015389646723633632,-0.002490279445964916,-5.205149477660598e-05
scope__this_conversation__aware_of_attending,scope,2,this_conversation,this conversation,aware_of_attending,5,0.009151194244623184,3.2508924441287945e-09,1.5011333971415297e-06,0.00046268425649031997,6.554301944561303e-05,6.563487841049209e-05,0.008688509988132864,-6.55397685531689e-05,-6.413374501335056e-05
scope__this_conversation__aware_of_attending,scope,2,this_conversation,this conversation,aware_of_attending,6,0.0016564244870096445,1.206004363041302e-08,4.025097950943746e-06,0.002338503021746874,0.0002472541236784309,0.0002729443658608943,-0.0006820785347372293,-0.0002472420636348005,-0.0002689192679099506
scope__this_conversation__aware_of_attending,scope,2,this_conversation,this conversation,aware_of_attending,7,0.010355300270020962,9.758848591445712e-07,2.4315007976838388e-05,0.0014115695375949144,0.0002957792312372476,0.0003339046670589596,0.008943730732426047,-0.000294803346378103,-0.0003095896590821212
scope__this_conversation__aware_of_attending,scope,2,this_conversation,this conversation,aware_of_attending,8,0.038761965930461884,5.52091250938247e-07,0.0002318401529919356,0.0008228964870795608,1.5643261576769873e-05,0.0005267304950393736,0.03793906944338232,-1.5091170325831627e-05,-0.000294890342047438
scope__this_conversation__aware_of_attending,scope,2,this_conversation,this conversation,aware_of_attending,9,0.04637601226568222,1.8345185992529878e-07,0.00010378274600952864,0.001572040026076138,5.1174785767216235e-05,0.0004896160098724067,0.04480397223960608,-5.099133390729094e-05,-0.0003858332638628781
scope__this_conversation__aware_of_attending,scope,2,this_conversation,this conversation,aware_of_attending,10,0.06366933882236481,1.1136868351968587e-06,0.0006588679389096797,0.0008635105332359672,4.473984517971985e-05,0.0006080485763959587,0.06280582828912884,-4.362615834452299e-05,5.081936251372099e-05
scope__this_conversation__aware_of_attending,scope,2,this_conversation,this conversation,aware_of_attending,11,0.0493827760219574,1.2321907888690475e-05,0.00026699190493673086,0.0016149727161973715,5.5675278417766094e-05,0.0010077243205159903,0.047767803305760026,-4.335337052907562e-05,-0.0007407324155792594
scope__this_conversation__aware_of_attending,scope,2,this_conversation,this conversation,aware_of_attending,12,0.02418747916817665,2.22930120798992e-05,9.923001925926656e-05,0.0017238397849723697,7.479640771634877e-05,0.0005939879338257015,0.02246363938320428,-5.250339563644957e-05,-0.0004947579145664349
scope__this_conversation__aware_of_attending,scope,2,this_conversation,this conversation,aware_of_attending,13,0.0473501980304718,4.7970992454793304e-05,9.301313548348844e-05,0.0025876460131257772,9.709127334645018e-05,0.0013208950404077768,0.044762552017346025,-4.9120280891656876e-05,-0.0012278819049242884
scope__this_conversation__aware_of_attending,scope,2,this_conversation,this conversation,aware_of_attending,14,0.04885277897119522,0.00048239764873869717,0.00018007152539212257,0.001394086517393589,6.56945921946317e-05,0.0005016579525545239,0.04745869245380163,0.0004167030565440655,-0.0003215864271624014
scope__this_conversation__aware_of_attending,scope,2,this_conversation,this conversation,aware_of_attending,15,0.06183282285928726,1.6549179235880729e-06,0.000241128756897524,0.0017404118552803993,3.8807793316664174e-05,0.002751755528151989,0.06009241100400686,-3.71528753930761e-05,-0.002510626771254465
scope__this_conversation__aware_of_attending,scope,2,this_conversation,this conversation,aware_of_attending,16,0.026089463382959366,1.2077701967427856e-06,0.000433828157838434,0.0034110203851014376,1.27010716823861e-05,0.013658370822668076,0.02267844299785793,-1.1493301485643315e-05,-0.013224542664829642
scope__this_conversation__aware_of_attending,scope,2,this_conversation,this conversation,aware_of_attending,17,0.010192764922976494,1.2829207207687432e-06,0.0001264300080947578,0.0024939829017966986,3.4356060041318415e-06,0.0041437274776399136,0.007698782021179795,-2.1526852833630983e-06,-0.004017297469545156
scope__this_conversation__aware_of_attending,scope,2,this_conversation,this conversation,aware_of_attending,18,0.014519007876515388,1.3495293771370598e-09,9.421717550139874e-06,0.0023663677275180817,5.5125820352941446e-08,0.0004007758980151266,0.012152640148997307,-5.3776290975804386e-08,-0.0003913541804649867
scope__this_conversation__aware_of_attending,scope,2,this_conversation,this conversation,aware_of_attending,19,0.022949881851673126,2.0154118374193786e-09,1.0801723874465097e-05,0.003519103629514575,1.3749541949437116e-08,0.0004984940169379115,0.01943077822215855,-1.1734130112017738e-08,-0.0004876922930634464
scope__this_conversation__aware_of_attending,scope,2,this_conversation,this conversation,aware_of_attending,20,0.0310965683311224,5.353528287344034e-09,2.6430147045175545e-05,0.003996433224529028,1.8534914048018436e-08,0.0003292725596111268,0.02710013510659337,-1.3181385760674402e-08,-0.00030284241256595124
scope__this_conversation__aware_of_attending,scope,2,this_conversation,this conversation,aware_of_attending,21,0.024213407188653946,2.973971957587196e-09,8.790259016677737e-06,0.003051816252991557,2.513021568617546e-09,2.9916453058831394e-05,0.02116159093566239,4.609503889696498e-10,-2.1126194042153656e-05
scope__this_conversation__aware_of_attending,scope,2,this_conversation,this conversation,aware_of_attending,22,0.06144798919558525,9.801599532011096e-09,5.760067324445117e-06,0.0017446830170229077,4.241200279864188e-09,9.479938853473868e-06,0.05970330617856234,5.560399252146908e-09,-3.719871529028751e-06
scope__this_conversation__aware_of_attending,scope,2,this_conversation,this conversation,aware_of_attending,23,0.03224050626158714,2.2941669897136308e-08,1.0463927537784912e-05,0.0009815212106332183,2.2396310583872037e-08,4.234424704918638e-05,0.031258985050953925,5.453593132642709e-10,-3.188031951140147e-05
scope__this_conversation__aware_of_attending,scope,2,this_conversation,this conversation,aware_of_attending,24,0.006378842983394861,1.7966408449865412e-07,1.1600014659052249e-05,0.0003528292290866375,2.2389140497125481e-07,4.1692743252497166e-05,0.006026013754308224,-4.4227320472600695e-08,-3.0092728593444917e-05
scope__this_conversation__discomfort,scope,2,this_conversation,this conversation,discomfort,0,5.976253760309191e-06,3.041523086722009e-06,5.284314999465245e-11,6.4360478972957935e-06,4.6497439143422525e-06,4.470743220075235e-11,-4.597941369866021e-07,-1.6082208276202437e-06,8.135717793900099e-12
scope__this_conversation__discomfort,scope,2,this_conversation,this conversation,discomfort,1,9.210500138578936e-06,1.4534966794599313e-06,1.7774689706206992e-11,8.717789569345769e-06,1.3364699498197297e-06,1.59922630693643e-11,4.927105692331679e-07,1.1702672964020167e-07,1.7824266368426933e-12
scope__this_conversation__discomfort,scope,2,this_conversation,this conversation,discomfort,2,4.14089754485758e-06,1.4270610336097889e-05,3.8827607795610675e-09,3.146619974359055e-06,8.165096005541272e-06,1.8377278587777823e-09,9.942775704985252e-07,6.105514330556616e-06,2.045032920783285e-09
scope__this_conversation__discomfort,scope,2,this_conversation,this conversation,discomfort,3,5.0871526582341176e-06,1.2062801033607684e-06,2.215586381026924e-09,4.597216957336059e-06,7.779446491440467e-07,2.0640011921813084e-09,4.899357008980587e-07,4.283354542167217e-07,1.5158518884561545e-10
scope__this_conversation__discomfort,scope,2,this_conversation,this conversation,discomfort,4,3.4736785892164335e-05,2.2007003281032667e-05,2.1033201846876182e-07,4.250643542036414e-05,1.3305452739587054e-05,1.4295812889031367e-07,-7.769649528199807e-06,8.701550541445613e-06,6.737388957844814e-08
scope__this_conversation__discomfort,scope,2,this_conversation,this conversation,discomfort,5,3.984587237937376e-06,8.777356441669326e-08,8.390648176259674e-09,8.135204552672803e-06,1.7047157996330498e-07,8.742115475968149e-09,-4.1506173147354275e-06,-8.269801554661171e-08,-3.5146729970847446e-10
scope__this_conversation__discomfort,scope,2,this_conversation,this conversation,discomfort,6,0.00012024440366076306,8.791487198323011e-05,2.5250290036638035e-07,6.54924733680673e-05,2.7085830879514106e-05,1.8783410382638976e-08,5.475193029269576e-05,6.082904110371601e-05,2.3371948998374137e-07
scope__this_conversation__discomfort,scope,2,this_conversation,this conversation,discomfort,7,0.00021379077224992216,1.828735912567936e-05,4.5675460569327697e-07,0.00011135783279314637,3.4196998512925347e-06,1.3698723932975554e-07,0.00010243293945677578,1.4867659274386824e-05,3.1976736636352143e-07
scope__this_conversation__discomfort,scope,2,this_conversation,this conversation,discomfort,8,0.0005801341030746698,5.822601815452799e-05,2.6584655188344186e-06,0.0002041851548710838,1.5111043467186391e-05,2.0383846788263327e-07,0.00037594894820358604,4.31149746873416e-05,2.4546270509517853e-06
scope__this_conversation__discomfort,scope,2,this_conversation,this conversation,discomfort,9,0.0006840612040832639,0.00012961766333319247,3.9988235585042275e-06,0.0001744772307574749,4.824998541153036e-05,2.896202886404353e-07,0.000509583973325789,8.136767792166211e-05,3.7092032698637922e-06
scope__this_conversation__discomfort,scope,2,this_conversation,this conversation,discomfort,10,0.0011779486667364836,0.0006221190560609102,8.267329576483462e-06,0.0004807933291886002,0.0005507846944965422,2.430222593829967e-06,0.0006971553375478834,7.133436156436801e-05,5.837106982653495e-06
scope__this_conversation__discomfort,scope,2,this_conversation,this conversation,discomfort,11,0.00817757286131382,0.0001657260290812701,0.0004065326938871294,0.0004284734313841909,0.0019136458868160844,5.4932320381340105e-06,0.007749099429929629,-0.0017479198577348143,0.0004010394618489954
scope__this_conversation__discomfort,scope,2,this_conversation,this conversation,discomfort,12,0.0026623872108757496,0.0008727274835109711,0.00031370113720186055,0.0001387498778058216,0.0022438145242631435,3.3577530302864034e-06,0.002523637333069928,-0.0013710870407521725,0.00031034338417157414
scope__this_conversation__discomfort,scope,2,this_conversation,this conversation,discomfort,13,0.004219903610646725,0.00022352495579980314,0.0004830507095903158,0.00044185633305460215,0.0007197326049208641,6.75463343213778e-06,0.0037780472775921226,-0.000496207649121061,0.00047629607615817804
scope__this_conversation__discomfort,scope,2,this_conversation,this conversation,discomfort,14,0.0028363224118947983,0.0003577546449378133,0.00042623773333616555,0.000402955076424405,0.0006737455260008574,3.1407535061589442e-06,0.0024333673354703933,-0.00031599088106304407,0.0004230969798300066
scope__this_conversation__discomfort,scope,2,this_conversation,this conversation,discomfort,15,0.009497849270701408,0.0003467984206508845,0.0004966419655829668,0.0008554024389013648,0.001328559243120253,9.529441740596667e-06,0.008642446831800044,-0.0009817608224693686,0.00048711252384237014
scope__this_conversation__discomfort,scope,2,this_conversation,this conversation,discomfort,16,0.006608578376471996,0.00015251751756295562,0.0005410406738519669,0.001063576084561646,0.000283613771898672,9.570486326992977e-06,0.00554500229191035,-0.00013109625433571637,0.0005314701875249739
scope__this_conversation__discomfort,scope,2,this_conversation,this conversation,discomfort,17,0.007497694808989763,0.00034931505797430873,0.00664845434948802,0.0014094256330281496,0.0004945229738950729,3.130778350168839e-05,0.006088269175961614,-0.0001452079159207642,0.0066171465659863316
scope__this_conversation__discomfort,scope,2,this_conversation,this conversation,discomfort,18,0.004129441920667887,1.061222155840369e-05,0.008093751966953278,0.0020597977563738823,9.193877303914633e-06,0.00011714643187588081,0.0020696441642940044,1.4183442544890568e-06,0.007976605535077397
scope__this_conversation__discomfort,scope,2,this_conversation,this conversation,discomfort,19,0.004929020069539547,3.8623707041551825e-06,0.024971922859549522,0.00397151242941618,1.3019714515394298e-06,0.0003710932214744389,0.0009575076401233673,2.5603992526157526e-06,0.024600829638075083
scope__this_conversation__discomfort,scope,2,this_conversation,this conversation,discomfort,20,0.008789977058768272,4.2134488467127085e-06,0.012507200241088867,0.011851579882204533,6.758569952580729e-07,0.00020946163567714393,-0.0030616028234362602,3.5375918514546356e-06,0.012297738605411723
scope__this_conversation__discomfort,scope,2,this_conversation,this conversation,discomfort,21,0.007587732747197151,8.550157417630544e-07,0.00801747478544712,0.007548162713646889,1.531365398932394e-07,7.006654050201178e-05,3.957003355026245e-05,7.01879201869815e-07,0.007947408244945109
scope__this_conversation__discomfort,scope,2,this_conversation,this conversation,discomfort,22,0.005031390115618706,1.1830467201434658e-06,0.006990246474742889,0.004965245723724365,3.097229921422695e-07,5.476628939504735e-05,6.614439189434052e-05,8.733237280011963e-07,0.006935480185347842
scope__this_conversation__discomfort,scope,2,this_conversation,this conversation,discomfort,23,0.0075696432031691074,2.175904000978335e-06,0.01493746880441904,0.006938286125659943,7.616109769514878e-07,0.00040507744415663183,0.0006313570775091648,1.414293024026847e-06,0.014532391360262409
scope__this_conversation__discomfort,scope,2,this_conversation,this conversation,discomfort,24,0.00941583514213562,1.2129856258979999e-05,0.03523288294672966,0.003005652455613017,4.037289727421012e-06,0.000705299258697778,0.006410182686522603,8.092566531558987e-06,0.03452758368803188
scope__this_conversation__matters,scope,2,this_conversation,this conversation,matters,0,6.598564823434572e-07,2.0212444269418484e-06,1.6318410164806174e-11,1.0537809203015058e-06,3.855876911984524e-06,1.5393044477951534e-11,-3.9392443795804866e-07,-1.8346324850426754e-06,9.2536568685464e-13
scope__this_conversation__matters,scope,2,this_conversation,this conversation,matters,1,4.3674236849255976e-07,8.848378456605133e-07,3.970082942950093e-12,3.120482006124803e-06,2.0331049199739937e-06,2.4184029778773208e-11,-2.683739637632243e-06,-1.1482670743134804e-06,-2.0213946835823116e-11
scope__this_conversation__matters,scope,2,this_conversation,this conversation,matters,2,5.8001319303002674e-08,4.769242991642386e-07,3.404238696491646e-11,9.983616422459818e-08,5.645620717587008e-07,1.2538850513443833e-10,-4.1834844921595504e-08,-8.763777259446215e-08,-9.134611816952187e-11
scope__this_conversation__matters,scope,2,this_conversation,this conversation,matters,3,2.5911458578775637e-06,3.629969569374225e-06,1.811445771160436e-09,3.91034927815781e-06,3.125029707007343e-06,2.856265446382622e-09,-1.319203420280246e-06,5.049398623668822e-07,-1.0448196752221861e-09
scope__this_conversation__matters,scope,2,this_conversation,this conversation,matters,4,3.1637242500437424e-05,4.025828093290329e-05,7.136344493119395e-08,2.33195569308009e-05,4.7043075028341264e-05,1.3132228104950627e-07,8.317685569636524e-06,-6.784794095437974e-06,-5.995883611831232e-08
scope__this_conversation__matters,scope,2,this_conversation,this conversation,matters,5,1.5680150681873783e-05,3.3423643799324054e-06,2.2894104390047687e-08,1.4322780771180987e-05,1.6796711861388758e-06,2.017030276135756e-08,1.3573699106927961e-06,1.6626931937935296e-06,2.7238016286901257e-09
scope__this_conversation__matters,scope,2,this_conversation,this conversation,matters,6,5.9324542235117406e-05,7.39487586542964e-05,3.1172004355539684e-07,4.7310728405136615e-05,3.472458411124535e-05,1.248450729463002e-07,1.201381382998079e-05,3.922417454305105e-05,1.8687497060909664e-07
scope__this_conversation__matters,scope,2,this_conversation,this conversation,matters,7,0.00011646214261418208,0.00011808465933427215,1.059126930158527e-06,5.321814751368947e-05,6.173469591885805e-05,2.607930582598783e-07,6.324399510049261e-05,5.6349963415414095e-05,7.983338718986488e-07
scope__this_conversation__matters,scope,2,this_conversation,this conversation,matters,8,0.00019753158267121762,0.00020536791998893023,3.1168181067187106e-06,7.020020711934194e-05,6.830348866060376e-05,4.99928262343019e-07,0.00012733137555187568,0.00013706443132832646,2.6168898443756916e-06
scope__this_conversation__matters,scope,2,this_conversation,this conversation,matters,9,0.00014921797264833003,0.000330756651237607,2.466951627866365e-06,6.424562161555514e-05,0.00029961098334752023,9.277541153096536e-07,8.49723510327749e-05,3.114566789008677e-05,1.5391975125567114e-06
scope__this_conversation__matters,scope,2,this_conversation,this conversation,matters,10,0.00023991426860447973,0.0007171269971877337,4.7315643314505e-06,0.00019588047871366143,0.0007865192601457238,6.1175487644504756e-06,4.40337898908183e-05,-6.939226295799017e-05,-1.385984432999976e-06
scope__this_conversation__matters,scope,2,this_conversation,this conversation,matters,11,0.0001668982149567455,0.0009194858721457422,9.869452696875669e-06,0.0001449364935979247,0.0008116553071886301,1.1266729416092858e-05,2.1961721358820796e-05,0.00010783056495711207,-1.3972767192171887e-06
scope__this_conversation__matters,scope,2,this_conversation,this conversation,matters,12,8.381411316804588e-05,0.0005003367550671101,7.957283742143773e-06,0.00010228329483652487,0.0004043673980049789,4.359304512036033e-06,-1.8469181668478996e-05,9.596935706213117e-05,3.5979792301077396e-06
scope__this_conversation__matters,scope,2,this_conversation,this conversation,matters,13,0.0001997823128476739,0.002002666238695383,1.2441011676855851e-05,0.00013383942132350057,0.001031132647767663,5.382908966566902e-06,6.594289152417332e-05,0.0009715335909277201,7.058102710288949e-06
scope__this_conversation__matters,scope,2,this_conversation,this conversation,matters,14,0.00015773408813402057,0.0014234869740903378,1.60098061314784e-05,0.00013123280950821936,0.0009794177021831274,2.3287652766157407e-06,2.6501278625801206e-05,0.00044406927190721035,1.3681040854862658e-05
scope__this_conversation__matters,scope,2,this_conversation,this conversation,matters,15,0.00036438691313378513,0.002685867715626955,1.7781965652829967e-05,0.0001339506561635062,0.0012184379156678915,2.4737375952099683e-06,0.00023043625697027892,0.0014674297999590635,1.530822805762e-05
scope__this_conversation__matters,scope,2,this_conversation,this conversation,matters,16,0.00012948554649483413,0.0007573186885565519,3.2026273402152583e-06,5.985840471112169e-05,0.0003075611311942339,2.692024168027274e-07,6.962714178371243e-05,0.00044975755736231804,2.933424923412531e-06
scope__this_conversation__matters,scope,2,this_conversation,this conversation,matters,17,9.261499508284032e-05,0.0018867591861635447,3.074520282098092e-05,1.2788579624611884e-05,0.0002384044782957062,1.9613851236499613e-06,7.982641545822844e-05,0.0016483547078678384,2.878381769733096e-05
scope__this_conversation__matters,scope,2,this_conversation,this conversation,matters,18,5.960382259218022e-05,0.00017841893713921309,1.4434609511226881e-05,1.621615228941664e-05,3.1803385354578495e-05,6.643703045483562e-07,4.338767030276358e-05,0.0001466155517846346,1.3770239206678525e-05
scope__this_conversation__matters,scope,2,this_conversation,this conversation,matters,19,2.866710929083638e-05,6.920731539139524e-05,5.8616009482648224e-05,1.2982040061615407e-05,7.333939720410854e-06,2.313779532414628e-06,1.568506922922097e-05,6.187337567098439e-05,5.6302229950233595e-05
scope__this_conversation__matters,scope,2,this_conversation,this conversation,matters,20,2.0330175175331533e-05,2.4722827220102772e-05,1.787713154044468e-05,2.280599801451899e-05,5.8665277720137965e-06,5.417582997324644e-06,-2.475822839187458e-06,1.8856299448088976e-05,1.2459548543120036e-05
scope__this_conversation__matters,scope,2,this_conversation,this conversation,matters,21,2.181331001338549e-05,4.400691977934912e-06,2.727991704887245e-05,3.315884532639757e-05,1.8069388261210406e-06,3.922279120160965e-06,-1.1345535313012078e-05,2.5937531518138712e-06,2.3357637928711483e-05
scope__this_conversation__matters,scope,2,this_conversation,this conversation,matters,22,2.4870294510037638e-05,2.2869626263855025e-06,3.961518086725846e-05,3.38199533871375e-05,1.1154776302646496e-06,3.538854343787534e-06,-8.949658877099864e-06,1.1714849961208529e-06,3.6076326523470925e-05
scope__this_conversation__matters,scope,2,this_conversation,this conversation,matters,23,3.642062802100554e-05,2.640578259160975e-06,6.738468073308468e-05,8.176681876648217e-05,2.37557014770573e-06,1.1118673683085945e-05,-4.534619074547663e-05,2.6500811145524494e-07,5.6266007049998734e-05
scope__this_conversation__matters,scope,2,this_conversation,this conversation,matters,24,6.697008211631328e-05,6.0412958191591315e-06,6.813448999309912e-05,0.00023785553639754653,1.2379954569041729e-05,3.0808845622232184e-05,-0.00017088545428123325,-6.3386587498825975e-06,3.732564437086694e-05
scope__the_weights__something_it_is_like,scope,3,the_weights,the weights behind this reply,something_it_is_like,0,2.293468696734635e-06,3.66721519640123e-06,1.4213383942029978e-11,2.5517101676086895e-06,3.922703399439342e-06,1.067767922691143e-11,-2.5824147087405436e-07,-2.5548820303811226e-07,3.5357047151185483e-12
scope__the_weights__something_it_is_like,scope,3,the_weights,the weights behind this reply,something_it_is_like,1,1.3032969263804262e-06,1.320869273513381e-06,5.605611461123594e-13,3.2853281481948216e-06,2.5257759261876345e-06,2.230698698674205e-12,-1.9820312218143954e-06,-1.2049066526742536e-06,-1.6701375525618456e-12
scope__the_weights__something_it_is_like,scope,3,the_weights,the weights behind this reply,something_it_is_like,2,1.1531955834698238e-07,8.995262419375649e-07,1.3549683076929941e-11,3.805665471645625e-08,7.080618047439202e-08,1.7783372430885125e-12,7.726290363052613e-08,8.287200614631729e-07,1.1771345833841429e-11
scope__the_weights__something_it_is_like,scope,3,the_weights,the weights behind this reply,something_it_is_like,3,4.847939271712676e-05,3.5437889891909435e-05,7.38520844478785e-09,2.7504200261319056e-05,4.003645244665677e-06,1.116210235352355e-09,2.09751924558077e-05,3.143424464724376e-05,6.2689982094354946e-09
scope__the_weights__something_it_is_like,scope,3,the_weights,the weights behind this reply,something_it_is_like,4,0.00020544596191029996,0.000737789086997509,8.61649454009239e-08,0.0001797965815057978,0.00015184828953351825,2.3448096797551443e-08,2.5649380404502153e-05,0.0005859407974639907,6.271684860337245e-08
scope__the_weights__something_it_is_like,scope,3,the_weights,the weights behind this reply,something_it_is_like,5,1.3014629985264037e-05,4.829939825867768e-06,5.825924187519149e-09,1.5395037280541146e-06,5.342347009218429e-08,2.8156668663292805e-10,1.1475126257209922e-05,4.776516355775584e-06,5.544357500886221e-09
scope__the_weights__something_it_is_like,scope,3,the_weights,the weights behind this reply,something_it_is_like,6,0.0004824725037906319,0.0012502940371632576,1.51450205976289e-06,0.000160310955834575,0.0001770232047419995,2.4076143745332956e-08,0.0003221615479560569,0.001073270832421258,1.490425916017557e-06
scope__the_weights__something_it_is_like,scope,3,the_weights,the weights behind this reply,something_it_is_like,7,0.0008665942586958408,0.002206247067078948,3.6279141113482183e-06,0.0004714885726571083,5.174541365704499e-05,1.823045181481575e-07,0.00039510568603873253,0.002154501653421903,3.4456095932000608e-06
scope__the_weights__something_it_is_like,scope,3,the_weights,the weights behind this reply,something_it_is_like,8,0.0012103779008612037,0.0017362324288114905,1.0478203876118641e-05,0.0008830097503960133,8.31450815894641e-05,6.158113023957412e-07,0.0003273681504651904,0.0016530873472220264,9.8623925737229e-06
scope__the_weights__something_it_is_like,scope,3,the_weights,the weights behind this reply,something_it_is_like,9,0.001248695538379252,0.0031192549504339695,5.31722980667837e-06,0.0009705924312584102,0.00039246631786227226,5.087242129775404e-07,0.00027810310712084174,0.0027267886325716972,4.808505593700829e-06
scope__the_weights__something_it_is_like,scope,3,the_weights,the weights behind this reply,something_it_is_like,10,0.001951892045326531,0.005911697633564472,7.188581548689399e-06,0.000993128283880651,0.0012749345041811466,5.4703343721485e-07,0.0009587637614458799,0.004636763129383326,6.641548111474549e-06
scope__the_weights__something_it_is_like,scope,3,the_weights,the weights behind this reply,something_it_is_like,11,0.0022686454467475414,0.012161219492554665,1.910535866045393e-05,0.0009127496741712093,0.007201930042356253,4.48340102821021e-07,0.001355895772576332,0.004959289450198412,1.865701855763291e-05
scope__the_weights__something_it_is_like,scope,3,the_weights,the weights behind this reply,something_it_is_like,12,0.0012161885388195515,0.008454784750938416,8.479133612127043e-06,0.0004983886610716581,0.007635463494807482,1.7356975945403974e-07,0.0007177998777478933,0.0008193212561309338,8.305563852673004e-06
scope__the_weights__something_it_is_like,scope,3,the_weights,the weights behind this reply,something_it_is_like,13,0.0017648607026785612,0.004731117747724056,2.432679320918396e-05,0.001603775890544057,0.0009968520607799292,8.977294783107936e-07,0.00016108481213450432,0.003734265686944127,2.3429063730873168e-05
scope__the_weights__something_it_is_like,scope,3,the_weights,the weights behind this reply,something_it_is_like,14,0.002159399213269353,0.0024289602879434824,1.73514290509047e-05,0.0013399581657722592,0.00046787236351519823,1.1870356502186041e-06,0.0008194410474970937,0.001961087924428284,1.6164393400686095e-05
scope__the_weights__something_it_is_like,scope,3,the_weights,the weights behind this reply,something_it_is_like,15,0.0020003991667181253,0.0019589713774621487,3.643197123892605e-05,0.000577892700675875,0.00013725567259825766,7.416434755214141e-07,0.0014225064660422504,0.001821715704863891,3.569032776340464e-05
scope__the_weights__something_it_is_like,scope,3,the_weights,the weights behind this reply,something_it_is_like,16,0.0020656725391745567,0.0007299261633306742,1.5491621525143273e-05,0.0005470002652145922,3.230973015888594e-05,3.9926783301780233e-07,0.0015186722739599645,0.0006976164331717882,1.509235369212547e-05
scope__the_weights__something_it_is_like,scope,3,the_weights,the weights behind this reply,something_it_is_like,17,0.0008825801778584719,0.00010566142736934125,6.652722368016839e-05,0.00036198418820276856,2.5393046598765068e-06,3.43881850994876e-07,0.0005205959896557033,0.00010312212270946475,6.618334182917351e-05
scope__the_weights__something_it_is_like,scope,3,the_weights,the weights behind this reply,something_it_is_like,18,0.001333189313299954,9.171260899165645e-05,0.00023803765361662954,0.0007628223393112421,5.214541261011618e-07,6.554308242812112e-07,0.0005703669739887118,9.119115486555529e-05,0.00023738222279234833
scope__the_weights__something_it_is_like,scope,3,the_weights,the weights behind this reply,something_it_is_like,19,0.0016230125911533833,2.0273402697057463e-05,0.0009641272481530905,0.0016393023543059826,2.5958104998835552e-08,8.193020448743482e-07,-1.6289763152599335e-05,2.0247444592058628e-05,0.0009633079461082161
scope__the_weights__something_it_is_like,scope,3,the_weights,the weights behind this reply,something_it_is_like,20,0.0003975600120611489,4.361883839010261e-06,0.0006506972713395953,0.0009703208925202489,1.520633574614294e-08,4.1013231566466857e-07,-0.0005727608804591,4.346677503264118e-06,0.0006502871390239306
scope__the_weights__something_it_is_like,scope,3,the_weights,the weights behind this reply,something_it_is_like,21,0.000499403162393719,3.1977708658814663e-06,0.00047245711903087795,0.00037429557414725423,1.2848047958868847e-08,1.1395475496556173e-07,0.00012510758824646473,3.1849228179225975e-06,0.0004723431642759124
scope__the_weights__something_it_is_like,scope,3,the_weights,the weights behind this reply,something_it_is_like,22,0.0005251163383945823,1.8605769582791254e-06,0.0004731853259727359,0.00012712366878986359,8.468504120173748e-09,1.1273279199031094e-08,0.0003979926696047187,1.8521084541589516e-06,0.00047317405269353685
scope__the_weights__something_it_is_like,scope,3,the_weights,the weights behind this reply,something_it_is_like,23,0.0007007825770415366,1.6517453786946135e-06,0.0009751968900673091,0.00021442119032144547,3.113488133976716e-08,5.9270554686463583e-08,0.0004863613867200911,1.6206104973548463e-06,0.0009751376195126227
scope__the_weights__something_it_is_like,scope,3,the_weights,the weights behind this reply,something_it_is_like,24,0.0014502137200906873,4.825924406759441e-06,0.001159059233032167,8.048805466387421e-05,3.582114231903688e-07,3.898438762917067e-07,0.001369725665426813,4.467712983569072e-06,0.0011586693891558753
scope__the_weights__aware_of_attending,scope,3,the_weights,the weights behind this reply,aware_of_attending,0,3.6198076713844785e-07,6.693457788031765e-09,1.9323946956473215e-11,1.3203722119214945e-05,0.0004381606704555452,4.651053231441438e-08,-1.2841741352076497e-05,-0.00043815397699775716,-4.6491208367457904e-08
scope__the_weights__aware_of_attending,scope,3,the_weights,the weights behind this reply,aware_of_attending,1,6.229215188113812e-08,4.929782360107993e-09,9.24653409395404e-12,1.076217904483201e-05,0.0003265167470090091,8.586071409411034e-09,-1.0699886892950872e-05,-0.000326511817226649,-8.57682487531708e-09
scope__the_weights__aware_of_attending,scope,3,the_weights,the weights behind this reply,aware_of_attending,2,7.842697414162103e-06,2.6646222295312327e-07,1.0611598710852377e-08,2.6901092496700585e-05,0.0034133787266910076,5.36554750851792e-07,-1.9058395082538482e-05,-0.0034131122644680545,-5.259431521409397e-07
scope__the_weights__aware_of_attending,scope,3,the_weights,the weights behind this reply,aware_of_attending,3,4.3845520849572495e-05,6.396230389782431e-08,2.8269976581896117e-08,8.51405093271751e-06,0.003309109713882208,1.3399571798800025e-06,3.5331469916854985e-05,-0.00330904575157831,-1.3116872032981064e-06
scope__the_weights__aware_of_attending,scope,3,the_weights,the weights behind this reply,aware_of_attending,4,2.4937864509411156e-05,5.0175803067986635e-08,1.594889731393323e-08,2.880878673749976e-05,0.006465580780059099,2.9467550120898522e-05,-3.8709222280886024e-06,-0.006465530604256031,-2.945160122358459e-05
scope__the_weights__aware_of_attending,scope,3,the_weights,the weights behind this reply,aware_of_attending,5,0.0001970211014850065,1.1112371023358492e-09,3.554025340690714e-08,6.267064600251615e-05,0.00017183262389153242,4.785133933182806e-05,0.00013435045548249036,-0.00017183151265443009,-4.781579907842115e-05
scope__the_weights__aware_of_attending,scope,3,the_weights,the weights behind this reply,aware_of_attending,6,0.00016110535943880677,2.5383382507015995e-08,8.238542648086877e-08,0.0018021335126832128,0.003144320799037814,0.0003580413176678121,-0.001641028153244406,-0.003144295415655307,-0.00035795893224133124
scope__the_weights__aware_of_attending,scope,3,the_weights,the weights behind this reply,aware_of_attending,7,0.00044310573139227927,1.6329884999777278e-07,4.1458613964096003e-07,0.0012173207942396402,0.0025953492149710655,0.00037641680683009326,-0.000774215062847361,-0.0025951859161210677,-0.0003760022206904523
scope__the_weights__aware_of_attending,scope,3,the_weights,the weights behind this reply,aware_of_attending,8,0.002296328777447343,9.516314776192303e-07,3.533135441102786e-06,0.001966281794011593,0.00013902547652833164,0.001197180012241006,0.00033004698343575,-0.0001380738450507124,-0.0011936468767999031
scope__the_weights__aware_of_attending,scope,3,the_weights,the weights behind this reply,aware_of_attending,9,0.008524417877197266,1.2090012205590028e-05,2.462818520143628e-05,0.0031656890641897917,0.00020291015971451998,0.0004948772839270532,0.005358728813007474,-0.00019082014750892995,-0.00047024909872561693
scope__the_weights__aware_of_attending,scope,3,the_weights,the weights behind this reply,aware_of_attending,10,0.020713238045573235,0.00012241938384249806,6.013443635310978e-05,0.001526365289464593,0.0002360566140851006,0.000523552589584142,0.01918687275610864,-0.00011363723024260253,-0.0004634181532310322
scope__the_weights__aware_of_attending,scope,3,the_weights,the weights behind this reply,aware_of_attending,11,0.026333041489124298,0.0011660661548376083,0.00011998786067124456,0.002366980304941535,0.0001805742795113474,0.000657536496873945,0.023966061184182763,0.000985491875326261,-0.0005375486362027004
scope__the_weights__aware_of_attending,scope,3,the_weights,the weights behind this reply,aware_of_attending,12,0.008562920615077019,0.004163410514593124,3.4593133023008704e-05,0.00151803158223629,0.0002932468487415463,0.0001717889535939321,0.007044889032840729,0.003870163665851578,-0.0001371958205709234
scope__the_weights__aware_of_attending,scope,3,the_weights,the weights behind this reply,aware_of_attending,13,0.016525857150554657,0.0015612323768436909,6.98959338478744e-05,0.002549403812736273,0.0003628139093052596,0.00027354765916243196,0.013976453337818384,0.0011984184675384313,-0.00020365172531455755
scope__the_weights__aware_of_attending,scope,3,the_weights,the weights behind this reply,aware_of_attending,14,0.025115391239523888,0.0058357291854918,0.00028996134642511606,0.001612953725270927,0.000340545637300238,0.00014791192370466888,0.02350243751425296,0.005495183548191562,0.00014204942272044718
scope__the_weights__aware_of_attending,scope,3,the_weights,the weights behind this reply,aware_of_attending,15,0.021853256970643997,0.00014441277016885579,8.113877265714109e-05,0.002321842825040221,0.0005861847894266248,0.000800597365014255,0.019531414145603776,-0.000441772019257769,-0.000719458592357114
scope__the_weights__aware_of_attending,scope,3,the_weights,the weights behind this reply,aware_of_attending,16,0.013363526202738285,0.0003802223363891244,0.00023186655016615987,0.004265724681317806,0.00012531601532828063,0.0023442842066287994,0.009097801521420479,0.00025490632106084377,-0.0021124176564626396
scope__the_weights__aware_of_attending,scope,3,the_weights,the weights behind this reply,aware_of_attending,17,0.0052385712042450905,1.2171367416158319e-05,0.00014819558418821543,0.004462091252207756,4.838738823309541e-05,0.0015013987431302667,0.0007764799520373344,-3.621602081693709e-05,-0.0013532031589420512
scope__the_weights__aware_of_attending,scope,3,the_weights,the weights behind this reply,aware_of_attending,18,0.00483374297618866,4.428394095867816e-09,3.4051317925332114e-05,0.009102429263293743,1.857995357568143e-06,0.0001943753013620153,-0.0042686862871050835,-1.8535669634722751e-06,-0.0001603239834366832
scope__the_weights__aware_of_attending,scope,3,the_weights,the weights behind this reply,aware_of_attending,19,0.004318791441619396,1.3502619466976284e-08,3.796286910073832e-05,0.011273854412138462,4.927016448164068e-07,0.00024134392151609063,-0.006955062970519066,-4.791990253494305e-07,-0.00020338105241535231
scope__the_weights__aware_of_attending,scope,3,the_weights,the weights behind this reply,aware_of_attending,20,0.009155826643109322,1.3163790058001723e-08,7.049967825878412e-05,0.008201975375413895,7.274308018168085e-07,0.0002405737031949684,0.0009538512676954269,-7.142670117588068e-07,-0.0001700740249361843
scope__the_weights__aware_of_attending,scope,3,the_weights,the weights behind this reply,aware_of_attending,21,0.005232876632362604,1.8742369878310683e-09,2.2423120753956027e-05,0.006167427636682987,2.0598683647676808e-07,4.560485831461847e-05,-0.0009345510043203831,-2.04112599488937e-07,-2.318173756066244e-05
scope__the_weights__aware_of_attending,scope,3,the_weights,the weights behind this reply,aware_of_attending,22,0.0077534751035273075,1.0263264904608604e-08,2.970167224702891e-05,0.002808617427945137,9.692015510154306e-07,2.8811064112232998e-05,0.0049448576755821705,-9.58938286110822e-07,8.906081347959116e-07
scope__the_weights__aware_of_attending,scope,3,the_weights,the weights behind this reply,aware_of_attending,23,0.0045373449102044106,1.2828110129703418e-08,3.289468077127822e-05,0.00404623756185174,5.1114288908138406e-06,0.00015125681238714606,0.0004911073483526707,-5.098600780684137e-06,-0.00011836213161586784
scope__the_weights__aware_of_attending,scope,3,the_weights,the weights behind this reply,aware_of_attending,24,0.004806715529412031,3.034560052128654e-07,6.000978100928478e-05,0.003227791516110301,2.7464657250675373e-05,0.0001901603682199493,0.0015789240133017302,-2.7161201245462507e-05,-0.00013015058721066453
scope__the_weights__discomfort,scope,3,the_weights,the weights behind this reply,discomfort,0,2.5855238163785543e-06,2.5102142444666242e-06,1.8949983943139515e-11,2.732627081059036e-06,3.3999813240370713e-06,1.6471357264236097e-11,-1.4710326468048152e-07,-8.897670795704471e-07,2.4786266789034173e-12
scope__the_weights__discomfort,scope,3,the_weights,the weights behind this reply,discomfort,1,4.634744982467964e-06,2.234249450339121e-06,1.106144689733135e-12,4.582976544043049e-06,2.512040282454109e-06,8.291078327365975e-13,5.1768438424915075e-08,-2.77790832114988e-07,2.7703685699653757e-13
scope__the_weights__discomfort,scope,3,the_weights,the weights behind this reply,discomfort,2,4.7649140810790414e-07,9.711246775623295e-07,5.887798582016046e-11,4.190533218206838e-07,8.433602260993212e-07,3.02958214071225e-11,5.743808628722036e-08,1.277644514630083e-07,2.8582164413037958e-11
scope__the_weights__discomfort,scope,3,the_weights,the weights behind this reply,discomfort,3,2.5440702302148566e-05,7.169920081651071e-06,2.1370660796549146e-09,2.8295266019995324e-05,7.834819371055346e-06,1.3541070487121942e-09,-2.8545637178467587e-06,-6.648992894042749e-07,7.829590309427203e-10
scope__the_weights__discomfort,scope,3,the_weights,the weights behind this reply,discomfort,4,0.00011002153769368306,8.986928150989115e-05,4.216208537854982e-08,0.0001393596758134663,0.00010630054021021351,2.1835308672280007e-08,-2.9338138119783252e-05,-1.643125870032236e-05,2.032677670626981e-08
scope__the_weights__discomfort,scope,3,the_weights,the weights behind this reply,discomfort,5,1.1242961591051426e-05,2.416589666154323e-07,2.3350046340908648e-09,7.194093086582143e-06,1.8497863152333593e-07,5.54533197139051e-10,4.048868504469283e-06,5.6680335092096357e-08,1.7804714369518138e-09
scope__the_weights__discomfort,scope,3,the_weights,the weights behind this reply,discomfort,6,0.00032055372139438987,0.00012725307897198945,3.394468706119369e-07,0.00012843310832977295,0.00021574803395196795,3.468050380206478e-08,0.00019212061306461692,-8.84949549799785e-05,3.047663668098721e-07
scope__the_weights__discomfort,scope,3,the_weights,the weights behind this reply,discomfort,7,0.0006438688142225146,5.997853440931067e-05,7.176695362431929e-07,0.0003227583656553179,5.066019366495311e-05,1.7644737226873985e-07,0.0003211104485671967,9.318340744357556e-06,5.41222163974453e-07
scope__the_weights__discomfort,scope,3,the_weights,the weights behind this reply,discomfort,8,0.0018249270506203175,9.438172855880111e-05,3.101743004663149e-06,0.001007238170132041,0.0001448038237867877,7.536927455475961e-07,0.0008176888804882765,-5.0422095227986574e-05,2.3480502591155528e-06
scope__the_weights__discomfort,scope,3,the_weights,the weights behind this reply,discomfort,9,0.0016539131756871939,0.0001872162683866918,2.485780441929819e-06,0.000988376559689641,0.0002640325401443988,4.800122610504332e-07,0.0006655366159975529,-7.6816271757707e-05,2.005768180879386e-06
scope__the_weights__discomfort,scope,3,the_weights,the weights behind this reply,discomfort,10,0.0032676812261343002,0.0002496782108210027,5.564897492149612e-06,0.002988275373354554,0.001073127961717546,2.7383473479858367e-06,0.00027940585277974606,-0.0008234497508965433,2.8265501441637753e-06
scope__the_weights__discomfort,scope,3,the_weights,the weights behind this reply,discomfort,11,0.00661497563123703,0.0015102201141417027,2.232622318842914e-05,0.002165010664612055,0.002323460765182972,2.556632125561009e-06,0.004449964966624975,-0.0008132406510412693,1.976959106286813e-05
scope__the_weights__discomfort,scope,3,the_weights,the weights behind this reply,discomfort,12,0.00478476844727993,0.0023743524216115475,9.813857104745694e-06,0.0016259680269286036,0.004034196492284536,1.3440846942103235e-06,0.0031588004203513265,-0.001659844070672989,8.46977241053537e-06
scope__the_weights__discomfort,scope,3,the_weights,the weights behind this reply,discomfort,13,0.008853509090840816,0.00027085308101959527,5.833049362991005e-05,0.003388863056898117,0.0014830800937488675,3.6602946238417644e-06,0.005464646033942699,-0.0012122270127292722,5.467019900606829e-05
scope__the_weights__discomfort,scope,3,the_weights,the weights behind this reply,discomfort,14,0.009013758040964603,4.132733738515526e-05,5.6738594139460474e-05,0.0022461183834820986,0.0002656823198776692,1.4013598956807982e-06,0.006767639657482505,-0.00022435498249251395,5.5337234243779676e-05
scope__the_weights__discomfort,scope,3,the_weights,the weights behind this reply,discomfort,15,0.010245444253087044,5.4701413318980485e-05,6.123201455920935e-05,0.0015777426306158304,0.00017391062283422798,3.185401055816328e-06,0.008667701622471213,-0.0001192092095152475,5.804661350339302e-05
scope__the_weights__discomfort,scope,3,the_weights,the weights behind this reply,discomfort,16,0.012544943951070309,3.205272514605895e-05,9.663285163696855e-05,0.0010635082144290209,6.49779467494227e-05,2.9533946417359402e-06,0.011481435736641288,-3.292522160336375e-05,9.367945699523261e-05
scope__the_weights__discomfort,scope,3,the_weights,the weights behind this reply,discomfort,17,0.010805405676364899,7.457910214725416e-06,0.0003822212165687233,0.0012272506719455123,2.1350231691030785e-05,6.1977752920938656e-06,0.009578155004419386,-1.389232147630537e-05,0.00037602344127662946
scope__the_weights__discomfort,scope,3,the_weights,the weights behind this reply,discomfort,18,0.01132102869451046,2.0108734588575317e-06,9.879167191684246e-05,0.0012426318135112524,3.2254577035928378e-06,4.289827302272897e-06,0.010078396880999207,-1.2145842447353061e-06,9.450184461456956e-05
scope__the_weights__discomfort,scope,3,the_weights,the weights behind this reply,discomfort,19,0.019717685878276825,3.829632646557002e-07,0.00011397482739994302,0.0017542399000376463,7.704316544732137e-07,1.5719051589258015e-05,0.01796344597823918,-3.874683898175135e-07,9.825577581068501e-05
scope__the_weights__discomfort,scope,3,the_weights,the weights behind this reply,discomfort,20,0.016879774630069733,5.075042963653686e-07,7.40888062864542e-05,0.001253459951840341,6.069402616049047e-07,2.3746611987007782e-05,0.01562631467822939,-9.943596523953602e-08,5.034219429944642e-05
scope__the_weights__discomfort,scope,3,the_weights,the weights behind this reply,discomfort,21,0.017634904012084007,2.4211686877606553e-07,4.568342410493642e-05,0.0012836767127737403,2.965926739761926e-07,1.428648283763323e-05,0.016351227299310267,-5.447580520012707e-08,3.139694126730319e-05
scope__the_weights__discomfort,scope,3,the_weights,the weights behind this reply,discomfort,22,0.0179582629352808,1.924722425883374e-07,4.50127809017431e-05,0.000950559857301414,1.4846214924091328e-07,1.1085478945460636e-05,0.017007703077979386,4.401009334742412e-08,3.392730195628246e-05
scope__the_weights__discomfort,scope,3,the_weights,the weights behind this reply,discomfort,23,0.025847267359495163,3.320965333841741e-07,0.00019547200645320117,0.0014719178434461355,3.2731134069763357e-07,8.182195597328246e-05,0.024375349516049027,4.78519268654054e-09,0.00011365005047991872
scope__the_weights__discomfort,scope,3,the_weights,the weights behind this reply,discomfort,24,0.04051237553358078,2.283423327753553e-06,0.0006558942841365933,0.0017175464890897274,1.429135636499268e-06,0.0001361480390187353,0.03879482904449105,8.542876912542852e-07,0.000519746245117858
scope__the_weights__matters,scope,3,the_weights,the weights behind this reply,matters,0,1.0175242550758412e-06,2.575587586761685e-06,1.3920472413664342e-11,1.0962820624627057e-06,3.5867058159055887e-06,8.61170249694121e-12,-7.875780738686444e-08,-1.0111182291439036e-06,5.308769916723133e-12
scope__the_weights__matters,scope,3,the_weights,the weights behind this reply,matters,1,2.0373558982100803e-06,4.53851589554688e-06,3.192280641217682e-12,1.0652483979356475e-06,3.4831837183446623e-06,1.0449906998749592e-12,9.721075002744328e-07,1.0553321772022173e-06,2.1472899413427227e-12
scope__the_weights__matters,scope,3,the_weights,the weights behind this reply,matters,2,9.051419880279354e-08,3.9246876326615165e-07,2.982859098610291e-11,4.262922814746162e-08,2.274053088058281e-07,8.084454980461508e-12,4.7884970655331927e-08,1.6506345446032356e-07,2.17441360056414e-11
scope__the_weights__matters,scope,3,the_weights,the weights behind this reply,matters,3,3.0286071705631912e-05,1.6378557120333426e-05,8.077630120340018e-09,1.7746080629876815e-05,1.3523701454687398e-05,2.033927692934867e-09,1.2539991075755097e-05,2.8548556656460278e-06,6.043702427405151e-09
scope__the_weights__matters,scope,3,the_weights,the weights behind this reply,matters,4,0.00012434252130333334,0.00014371190627571195,5.986408524449871e-08,8.505098958266899e-05,0.00012301366950850934,1.3382367214376245e-08,3.929153172066435e-05,2.0698236767202616e-05,4.6481718030122465e-08
scope__the_weights__matters,scope,3,the_weights,the weights behind this reply,matters,5,3.847717380267568e-06,3.7834828958693834e-07,1.673998828444212e-09,1.4113586530584143e-06,7.531046009034981e-08,1.352642720053865e-10,2.4363587272091536e-06,3.0303782949658853e-07,1.5387345564388255e-09
scope__the_weights__matters,scope,3,the_weights,the weights behind this reply,matters,6,0.00042766574188135564,0.00030208699172362685,1.2084160516678821e-06,0.0002464700082782656,0.000312710675643757,3.6274525427870685e-07,0.00018119573360309005,-1.0623683920130134e-05,8.456707973891753e-07
scope__the_weights__matters,scope,3,the_weights,the weights behind this reply,matters,7,0.0006198823684826493,0.00019530131248757243,9.236742926077568e-07,0.00036980852019041777,0.00032546863076277077,2.6032390110231063e-07,0.00025007384829223156,-0.00013016731827519834,6.633503915054462e-07
scope__the_weights__matters,scope,3,the_weights,the weights behind this reply,matters,8,0.0012446425389498472,0.000553250836674124,2.7386554393160623e-06,0.0006968627567403018,0.0005553810042329133,7.534116548413294e-07,0.0005477797822095454,-2.1301675587892532e-06,1.985243784474733e-06
scope__the_weights__matters,scope,3,the_weights,the weights behind this reply,matters,9,0.001603147480636835,0.0008373482851311564,2.1959262994641904e-06,0.0009299534140154719,0.0009100902243517339,5.235097546574252e-07,0.0006731940666213632,-7.274193922057748e-05,1.6724165448067652e-06
scope__the_weights__matters,scope,3,the_weights,the weights behind this reply,matters,10,0.0026649239007383585,0.0024135278072208166,5.834268449689262e-06,0.0020777881145477295,0.0024389331229031086,2.378661974944407e-06,0.000587135786190629,-2.5405315682291985e-05,3.4556064747448545e-06
scope__the_weights__matters,scope,3,the_weights,the weights behind this reply,matters,11,0.003036432433873415,0.004755000118166208,6.7808059611706994e-06,0.0024895216338336468,0.002533350605517626,4.09027052228339e-06,0.0005469108000397682,0.0022216495126485825,2.6905354388873093e-06
scope__the_weights__matters,scope,3,the_weights,the weights behind this reply,matters,12,0.001776750199496746,0.0027717011980712414,1.2041429044984397e-06,0.0033495810348540545,0.0019274407532066107,2.425424099783413e-06,-0.0015728308353573084,0.0008442604448646307,-1.2212811952849734e-06
scope__the_weights__matters,scope,3,the_weights,the weights behind this reply,matters,13,0.005175919272005558,0.0016940878704190254,4.505583547143033e-06,0.006614780984818935,0.0008208302897401154,6.912846401974093e-06,-0.0014388617128133774,0.00087325758067891,-2.4072628548310604e-06
scope__the_weights__matters,scope,3,the_weights,the weights behind this reply,matters,14,0.005641448311507702,0.000785987067501992,2.7620560558716534e-06,0.005234616808593273,0.0003601107164286077,3.1658839816373074e-06,0.0004068315029144287,0.0004258763510733843,-4.0382792576565407e-07
scope__the_weights__matters,scope,3,the_weights,the weights behind this reply,matters,15,0.004204959608614445,0.0007087320555001497,5.247672561381478e-06,0.0030559124425053596,0.0002397682110313326,3.3778264878492337e-06,0.001149047166109085,0.0004689638444688171,1.8698460735322442e-06
scope__the_weights__matters,scope,3,the_weights,the weights behind this reply,matters,16,0.001137679209932685,0.00020994109218008816,1.5902015775282052e-06,0.0010818440932780504,9.590951958671212e-05,1.1938714123971295e-06,5.5835116654634476e-05,0.00011403157259337604,3.9633016513107577e-07
scope__the_weights__matters,scope,3,the_weights,the weights behind this reply,matters,17,0.0011898865923285484,9.879854042083025e-05,2.9708025977015495e-06,0.0007115948828868568,2.6493198674870655e-05,1.7100198874686612e-06,0.00047829170944169164,7.23053417459596e-05,1.2607827102328883e-06
scope__the_weights__matters,scope,3,the_weights,the weights behind this reply,matters,18,0.0018946646014228463,3.484648186713457e-05,3.8603357097599655e-06,0.0009336953517049551,7.089429800544167e-06,6.68872814912902e-07,0.0009609692497178912,2.7757052066590404e-05,3.1914628948470636e-06
scope__the_weights__matters,scope,3,the_weights,the weights behind this reply,matters,19,0.0030227249953895807,4.207708570902469e-06,4.522501694737002e-05,0.00164312613196671,9.90131752587331e-07,5.567511834669858e-06,0.0013795988634228706,3.2175768183151376e-06,3.9657505112700164e-05
scope__the_weights__matters,scope,3,the_weights,the weights behind this reply,matters,20,0.0016297344118356705,1.725010861264309e-06,4.7093184548430145e-05,0.0008687559748068452,7.470392802133574e-07,9.466685696679633e-06,0.0007609784370288253,9.779715810509515e-07,3.762649885175051e-05
scope__the_weights__matters,scope,3,the_weights,the weights behind this reply,matters,21,0.0011436169734224677,7.459858011316101e-07,2.7363861590856686e-05,0.0007461875211447477,3.131646622023254e-07,7.795959390932694e-06,0.00039742945227772,4.3282113892928464e-07,1.9567902199923992e-05
scope__the_weights__matters,scope,3,the_weights,the weights behind this reply,matters,22,0.0008566654287278652,3.965922132920241e-07,1.5375644579762593e-05,0.0006784931756556034,1.7578236111148726e-07,5.741271252190927e-06,0.0001781722530722618,2.2080985218053684e-07,9.634373327571666e-06
scope__the_weights__matters,scope,3,the_weights,the weights behind this reply,matters,23,0.0011213822290301323,6.380417403306637e-07,4.558021464617923e-05,0.0008378889178857207,3.396694410184864e-07,1.8491928130970336e-05,0.00028349331114441156,2.9837229931217735e-07,2.7088286515208893e-05
scope__the_weights__matters,scope,3,the_weights,the weights behind this reply,matters,24,0.001475281547755003,2.5095614546444267e-06,6.76008639857173e-05,0.0012140171602368355,1.9355177300894866e-06,2.9503888072213158e-05,0.0002612643875181675,5.740437245549401e-07,3.809697591350414e-05
scope__another_instance__something_it_is_like,scope,4,another_instance,another copy of the model running elsewhere,something_it_is_like,0,1.0298519015350394e-07,2.0972612535530288e-11,6.33144647821382e-10,1.407339880188374e-07,5.274216827166889e-11,3.5103342455045095e-10,-3.774879786533347e-08,-3.17695557361386e-11,2.821112232709311e-10
scope__another_instance__something_it_is_like,scope,4,another_instance,another copy of the model running elsewhere,something_it_is_like,1,7.565432724732091e-08,8.19531942308771e-10,9.542783230287455e-12,7.354508113621705e-08,1.0840949249413256e-09,6.777335203461687e-12,2.1092461111038574e-09,-2.645629826325546e-10,2.7654480268257675e-12
scope__another_instance__something_it_is_like,scope,4,another_instance,another copy of the model running elsewhere,something_it_is_like,2,1.0042651865660446e-07,1.9527179873080058e-08,1.3385265118515122e-10,9.041944082355258e-08,2.471665538905654e-08,1.0570257169550956e-10,1.000707783305188e-08,-5.189475515976483e-09,2.8150079489641655e-11
scope__another_instance__something_it_is_like,scope,4,another_instance,another copy of the model running elsewhere,something_it_is_like,3,4.536521203135635e-08,9.224668251484047e-11,2.2992618919914776e-10,9.172640602628235e-08,8.548692309595651e-11,3.209879584353814e-10,-4.6361193994926e-08,6.759759418883959e-12,-9.106176923623366e-11
scope__another_instance__something_it_is_like,scope,4,another_instance,another copy of the model running elsewhere,something_it_is_like,4,1.2351168976465488e-09,1.0105137213112236e-11,1.5922907523752139e-12,1.5812345877108669e-09,5.33465502675079e-12,2.7145304233588963e-12,-3.4611769006431814e-10,4.770482186361447e-12,-1.1222396709836824e-12
scope__another_instance__something_it_is_like,scope,4,another_instance,another copy of the model running elsewhere,something_it_is_like,5,1.5372136896729671e-09,2.004829462165514e-12,2.5083958347937862e-12,1.8050976269279317e-09,3.3961481630401247e-12,4.926188363479911e-12,-2.678839372549646e-10,-1.3913187008746108e-12,-2.4177925286861246e-12
scope__another_instance__something_it_is_like,scope,4,another_instance,another copy of the model running elsewhere,something_it_is_like,6,1.1668980732792988e-06,2.5801392133928402e-09,2.3294848716659544e-08,3.190249799445155e-06,4.004383047373494e-09,8.339381629696163e-09,-2.0233517261658562e-06,-1.424243833980654e-09,1.495546708696338e-08
scope__another_instance__something_it_is_like,scope,4,another_instance,another copy of the model running elsewhere,something_it_is_like,7,3.2830885743351246e-07,5.179106032926484e-09,2.3821273842372648e-09,1.704617034192779e-06,3.848845508969134e-08,4.326136338050901e-09,-1.3763081767592666e-06,-3.330934905676486e-08,-1.9440089538136363e-09
scope__another_instance__something_it_is_like,scope,4,another_instance,another copy of the model running elsewhere,something_it_is_like,8,1.7632557955948869e-06,7.927156708831262e-09,6.162083820981934e-08,8.109142299872474e-07,1.219483714010039e-08,1.7485047854037816e-09,9.523415656076395e-07,-4.2676804312691274e-09,5.987233342441556e-08
scope__another_instance__something_it_is_like,scope,4,another_instance,another copy of the model running elsewhere,something_it_is_like,9,3.071822902711574e-06,2.32089689689019e-08,2.410421870990831e-07,8.105459414764482e-07,1.5058652991228882e-08,1.3145290411742394e-09,2.2612769612351258e-06,8.150315977673017e-09,2.3972765805790885e-07
scope__another_instance__something_it_is_like,scope,4,another_instance,another copy of the model running elsewhere,something_it_is_like,10,2.201712050009519e-05,3.1710396797279827e-07,2.4580103286098165e-07,1.8772577732306672e-06,7.945033964062986e-09,5.728450491737647e-10,2.013986272686452e-05,3.091589340087353e-07,2.452281878118079e-07
scope__another_instance__something_it_is_like,scope,4,another_instance,another copy of the model running elsewhere,something_it_is_like,11,0.00027511862572282553,3.947415098082274e-05,6.743702670064522e-06,2.124684579030145e-05,5.213939502368703e-08,5.44434808347205e-09,0.0002538717799325241,3.9422011585799055e-05,6.73825832198105e-06
scope__another_instance__something_it_is_like,scope,4,another_instance,another copy of the model running elsewhere,something_it_is_like,12,0.000571450509596616,9.990779653890058e-05,1.3320192238097661e-06,6.968855450395495e-05,3.5385099295126565e-07,1.7429349075115397e-09,0.0005017619550926611,9.955394554594932e-05,1.3302762889022546e-06
scope__another_instance__something_it_is_like,scope,4,another_instance,another copy of the model running elsewhere,something_it_is_like,13,0.00016950577264651656,0.00016142598178703338,2.530526899136021e-06,1.692560181254521e-05,4.001421075372491e-06,5.893221466379828e-09,0.00015258017083397135,0.0001574245607116609,2.524633677669641e-06
scope__another_instance__something_it_is_like,scope,4,another_instance,another copy of the model running elsewhere,something_it_is_like,14,0.000529689306858927,0.00011234305566176772,7.766554404042836e-07,3.689007644425146e-05,6.371236850100104e-06,6.011814379647262e-10,0.0004927992304146755,0.00010597181881166762,7.760542589663189e-07
scope__another_instance__something_it_is_like,scope,4,another_instance,another copy of the model running elsewhere,something_it_is_like,15,0.00026720575988292694,4.42173404735513e-05,5.510361233973526e-07,6.75477203913033e-05,1.50751384353498e-06,1.2240786162465156e-09,0.00019965803949162364,4.270982663001632e-05,5.498120447811061e-07
scope__another_instance__something_it_is_like,scope,4,another_instance,another copy of the model running elsewhere,something_it_is_like,16,0.00036328076384961605,6.419197598006576e-05,5.051726361671172e-07,1.7422800738131627e-05,1.2067503973867133e-07,4.918283558197345e-10,0.0003458579631114844,6.407130094032709e-05,5.046808078112974e-07
scope__another_instance__something_it_is_like,scope,4,another_instance,another copy of the model running elsewhere,something_it_is_like,17,0.0014510084874927998,2.944187326647807e-05,1.0969480968014977e-07,3.908817961928435e-05,2.646215246926431e-09,4.293176231184859e-11,0.0014119203078735154,2.9439227051231143e-05,1.0965187791783793e-07
scope__another_instance__something_it_is_like,scope,4,another_instance,another copy of the model running elsewhere,something_it_is_like,18,4.9794016376836225e-05,2.1247767563181696e-06,6.93983803756737e-09,1.9251326648372924e-06,9.980344328752722e-11,4.08302775270486e-12,4.786888371199893e-05,2.124676952874882e-06,6.935755009814665e-09
scope__another_instance__something_it_is_like,scope,4,another_instance,another copy of the model running elsewhere,something_it_is_like,19,2.4893994122976437e-05,8.301229286189482e-07,4.294186695119606e-08,6.800172286602901e-06,5.456731594355446e-11,3.70758909684632e-11,1.8093821836373536e-05,8.300683613030047e-07,4.29047910602276e-08
scope__another_instance__something_it_is_like,scope,4,another_instance,another copy of the model running elsewhere,something_it_is_like,20,2.218850022472907e-05,1.703652259266164e-07,3.1056178073640694e-08,1.4117818864178844e-05,2.605909377173532e-10,3.3410457733751286e-10,8.070681360550225e-06,1.7010463498889905e-07,3.072207349630318e-08
scope__another_instance__something_it_is_like,scope,4,another_instance,another copy of the model running elsewhere,something_it_is_like,21,1.4403296518139541e-05,9.270069654121471e-07,7.075372820963821e-08,2.383191713306587e-06,1.0815515150142119e-09,2.4861535052878025e-10,1.2020104804832954e-05,9.259254138971329e-07,7.050511285910943e-08
scope__another_instance__something_it_is_like,scope,4,another_instance,another copy of the model running elsewhere,something_it_is_like,22,2.678724194993265e-05,5.493449407367734e-06,2.2552492850991257e-07,1.1706797522492707e-06,1.4766109224240154e-08,5.010065695643107e-10,2.561656219768338e-05,5.478683298143494e-06,2.2502392194034826e-07
scope__another_instance__something_it_is_like,scope,4,another_instance,another copy of the model running elsewhere,something_it_is_like,23,3.398752960492857e-05,4.2542720620986074e-05,1.0166456831939286e-06,4.274832861028699e-07,4.0401823753200006e-07,2.6464301861039985e-09,3.35600463188257e-05,4.2138702383454074e-05,1.0139992530078246e-06
scope__another_instance__something_it_is_like,scope,4,another_instance,another copy of the model running elsewhere,something_it_is_like,24,0.00012033270468236879,0.0004501200746744871,3.05685171042569e-06,8.717453852113977e-07,9.45621377468342e-06,1.419460637919201e-08,0.00011946095929715739,0.0004406638608998037,3.042657104046498e-06
scope__another_instance__aware_of_attending,scope,4,another_instance,another copy of the model running elsewhere,aware_of_attending,0,7.827914600966324e-07,4.677044884715542e-08,1.9238211718120013e-11,1.1372732842573896e-05,0.00044551980681717396,4.5638579138085333e-08,-1.0589941382477264e-05,-0.0004454730363683268,-4.5619340926367213e-08
scope__another_instance__aware_of_attending,scope,4,another_instance,another copy of the model running elsewhere,aware_of_attending,1,7.195534834636419e-08,1.851840103483937e-08,3.9125916048710074e-12,7.788295988575555e-06,0.00033013682696036994,1.3266407528078616e-08,-7.716340640229191e-06,-0.0003301183085593351,-1.3262494936473745e-08
scope__another_instance__aware_of_attending,scope,4,another_instance,another copy of the model running elsewhere,aware_of_attending,2,1.3343696082301904e-05,4.6727754465791804e-07,1.4629796929455097e-08,2.696062801987864e-05,0.003157659200951457,1.93508344636939e-06,-1.3616931937576737e-05,-0.003157191923406799,-1.920453649439935e-06
scope__another_instance__aware_of_attending,scope,4,another_instance,another copy of the model running elsewhere,aware_of_attending,3,9.085052442969754e-05,1.4621157617966674e-07,6.033472743638413e-08,1.465047989768209e-05,0.0021672253496944904,2.712158902795636e-06,7.620004453201545e-05,-0.0021670791381183108,-2.651824175359252e-06
scope__another_instance__aware_of_attending,scope,4,another_instance,another copy of the model running elsewhere,aware_of_attending,4,0.001000686432234943,5.54161715626833e-07,9.344938121103041e-07,6.573647260665894e-05,0.007173460442572832,4.382689803605899e-05,0.000934949959628284,-0.007172906280857205,-4.289240422394869e-05
scope__another_instance__aware_of_attending,scope,4,another_instance,another copy of the model running elsewhere,aware_of_attending,5,0.0004956925404258072,2.474224158888205e-10,1.0474126810322559e-07,1.1057898518629372e-05,7.060791631374741e-06,3.0461069400189444e-06,0.00048463464190717787,-7.060544208958852e-06,-2.941365671915719e-06
scope__another_instance__aware_of_attending,scope,4,another_instance,another copy of the model running elsewhere,aware_of_attending,6,0.000583466375246644,1.1323184168077205e-08,9.482009204475617e-07,0.0009519807645119727,0.0019854118581861258,0.00028114751330576837,-0.00036851438926532865,-0.0019854005350019577,-0.0002801993123853208
scope__another_instance__aware_of_attending,scope,4,another_instance,another copy of the model running elsewhere,aware_of_attending,7,0.0018245830433443189,1.7390085815804923e-07,4.009632448287448e-06,0.0010710831265896559,0.002220147754997015,0.0005778494523838162,0.000753499916754663,-0.002219973854138857,-0.0005738398199355288
scope__another_instance__aware_of_attending,scope,4,another_instance,another copy of the model running elsewhere,aware_of_attending,8,0.008624738082289696,2.1119717530382331e-07,6.03502630838193e-05,0.0017109408508986235,0.00015296424680855125,0.0009788877796381712,0.006913797231391072,-0.00015275304963324743,-0.0009185375165543519
scope__another_instance__aware_of_attending,scope,4,another_instance,another copy of the model running elsewhere,aware_of_attending,9,0.02852940559387207,7.121421958800056e-07,0.00011686857760651037,0.002934892661869526,0.00019951742433477193,0.0005714689032174647,0.025594512932002544,-0.00019880528213889193,-0.0004546003256109543
scope__another_instance__aware_of_attending,scope,4,another_instance,another copy of the model running elsewhere,aware_of_attending,10,0.03752300515770912,9.959810540749459e-07,0.00023093227355275303,0.0035304310731589794,0.0002667237422429025,0.0005767313996329904,0.03399257408455014,-0.00026572776118882757,-0.00034579912608023733
scope__another_instance__aware_of_attending,scope,4,another_instance,another copy of the model running elsewhere,aware_of_attending,11,0.0394771434366703,2.5304339033027645e-06,0.0001477249024901539,0.0030480781570076942,8.90033770701848e-05,0.0008665135246701539,0.03642906527966261,-8.647294316688203e-05,-0.00071878862218
scope__another_instance__aware_of_attending,scope,4,another_instance,another copy of the model running elsewhere,aware_of_attending,12,0.02118401601910591,7.511636067647487e-05,6.219588249223307e-05,0.0032333757262676954,0.00012895975669380277,0.00022011384135112166,0.017950640292838216,-5.3843396017327905e-05,-0.0001579179588588886
scope__another_instance__aware_of_attending,scope,4,another_instance,another copy of the model running elsewhere,aware_of_attending,13,0.02550191432237625,0.00010973815369652584,3.438737985561602e-05,0.00365185528062284,9.077008144231513e-05,0.00040410307701677084,0.02185005904175341,1.896807225421071e-05,-0.0003697156971611548
scope__another_instance__aware_of_attending,scope,4,another_instance,another copy of the model running elsewhere,aware_of_attending,14,0.043897226452827454,0.0014771870337426662,6.867376941954717e-05,0.0015126599464565516,2.8585649488377385e-05,0.00014308057143352926,0.0423845665063709,0.0014486013842542889,-7.440680201398209e-05
scope__another_instance__aware_of_attending,scope,4,another_instance,another copy of the model running elsewhere,aware_of_attending,15,0.051769569516181946,7.822687621228397e-06,2.514998777769506e-05,0.0014169252244755626,8.336987957591191e-05,0.0006403738516382873,0.05035264429170638,-7.554719195468351e-05,-0.0006152238638605922
scope__another_instance__aware_of_attending,scope,4,another_instance,another copy of the model running elsewhere,aware_of_attending,16,0.010451248846948147,3.963919425586937e-06,1.4149429262033664e-05,0.001836745417676866,3.3589771192055196e-05,0.0024171776603907347,0.00861450342927128,-2.962585176646826e-05,-0.002403028231128701
scope__another_instance__aware_of_attending,scope,4,another_instance,another copy of the model running elsewhere,aware_of_attending,17,0.0033302451483905315,8.557375252848942e-09,4.979980985808652e-06,0.0016278182156383991,9.151357517112046e-06,0.0013542146189138293,0.0017024269327521324,-9.142800141859198e-06,-0.0013492346379280207
scope__another_instance__aware_of_attending,scope,4,another_instance,another copy of the model running elsewhere,aware_of_attending,18,0.0088950851932168,1.6531804813979534e-09,2.3687593397880846e-07,0.0020983058493584394,1.6450948692181555e-07,0.00014461652608588338,0.006796779343858361,-1.628563064404176e-07,-0.00014437965015190457
scope__another_instance__aware_of_attending,scope,4,another_instance,another copy of the model running elsewhere,aware_of_attending,19,0.009641326032578945,2.4101209916693733e-09,2.725462877606333e-07,0.001958544598892331,1.288118145481576e-08,0.00011887251457665116,0.007682781433686614,-1.0471060463146387e-08,-0.00011859996828889052
scope__another_instance__aware_of_attending,scope,4,another_instance,another copy of the model running elsewhere,aware_of_attending,20,0.021634768694639206,3.5231413342273754e-09,6.85379575315892e-07,0.001883791759610176,7.995016204631611e-09,6.0954727814532816e-05,0.01975097693502903,-4.4718748704042355e-09,-6.0269348239216924e-05
scope__another_instance__aware_of_attending,scope,4,another_instance,another copy of the model running elsewhere,aware_of_attending,21,0.014046362601220608,1.98256078220993e-09,1.0461739208267318e-07,0.0012148148380219936,1.1829797141871268e-09,8.815239198156632e-06,0.012831547763198614,7.995810680228033e-10,-8.71062180607396e-06
scope__another_instance__aware_of_attending,scope,4,another_instance,another copy of the model running elsewhere,aware_of_attending,22,0.03080613538622856,3.3390010756306765e-09,1.0363893210296737e-07,0.0007134598563425243,1.926861115109091e-09,6.3738334574736655e-06,0.030092675529886037,1.4121399605215856e-09,-6.270194525370698e-06
scope__another_instance__aware_of_attending,scope,4,another_instance,another copy of the model running elsewhere,aware_of_attending,23,0.011671219021081924,6.494540460977305e-09,1.7520163453355053e-07,0.000781612703576684,1.597650367557435e-08,2.027132904913742e-05,0.01088960631750524,-9.481963214597044e-09,-2.009612741460387e-05
scope__another_instance__aware_of_attending,scope,4,another_instance,another copy of the model running elsewhere,aware_of_attending,24,0.0037296742666512728,5.684449533305269e-08,3.7543694020314433e-07,0.0009002008591778576,2.3055440578900743e-07,3.147149982396513e-05,0.002829473407473415,-1.7370991045595474e-07,-3.109606288376199e-05
scope__another_instance__discomfort,scope,4,another_instance,another copy of the model running elsewhere,discomfort,0,1.1955111745010072e-07,1.309368845986425e-11,4.940583497869966e-10,1.1774447017387502e-07,1.706349297969645e-11,4.860576385823379e-10,1.8066472762257035e-09,-3.9698045198321985e-12,8.000711204658728e-12
scope__another_instance__discomfort,scope,4,another_instance,another copy of the model running elsewhere,discomfort,1,1.2387282311010495e-07,1.4465854070166984e-09,6.979917512028866e-12,8.96869565281122e-08,1.1029903657089335e-09,7.188662859425321e-12,3.418586658199274e-08,3.4359504130776486e-10,-2.0874534739645512e-13
scope__another_instance__discomfort,scope,4,another_instance,another copy of the model running elsewhere,discomfort,2,1.0747344703077033e-07,1.1432722324400402e-08,1.2055170750535638e-10,1.061984846728592e-07,1.528965576369501e-08,1.0836059133323417e-10,1.2749623579111358e-09,-3.8569334392946075e-09,1.2191116172122207e-11
scope__another_instance__discomfort,scope,4,another_instance,another copy of the model running elsewhere,discomfort,3,8.171438992121693e-08,6.99332883269399e-11,8.325176659162992e-11,8.191672407065198e-08,1.0675876155330499e-10,1.1982330405668762e-10,-2.0233414943504613e-10,-3.682547322636509e-11,-3.65715374650577e-11
scope__another_instance__discomfort,scope,4,another_instance,another copy of the model running elsewhere,discomfort,4,1.1397179866534657e-09,2.5353868310373784e-12,5.007877793006266e-13,1.4253949132125854e-09,2.4670658311382043e-12,7.237109132460229e-13,-2.856769265591197e-10,6.832099989917406e-14,-2.229231339453963e-13
scope__another_instance__discomfort,scope,4,another_instance,another copy of the model running elsewhere,discomfort,5,2.25584884105956e-09,2.0651397258930615e-12,2.641408793080391e-12,3.87591114758834e-09,4.379506739898842e-12,4.5169284978996416e-12,-1.62006230652878e-09,-2.3143670140057804e-12,-1.8755197048192507e-12
scope__another_instance__discomfort,scope,4,another_instance,another copy of the model running elsewhere,discomfort,6,7.455520062649157e-06,4.740034587058517e-09,4.5747512444904714e-08,9.691980267234612e-06,4.6220218763437515e-09,7.871341978216151e-08,-2.2364602045854554e-06,1.180127107147655e-10,-3.2965907337256795e-08
scope__another_instance__discomfort,scope,4,another_instance,another copy of the model running elsewhere,discomfort,7,3.274407390563283e-06,6.07581185363415e-09,1.8736521667506167e-08,3.1199165277939755e-06,6.9111649736441905e-09,3.125001057924237e-08,1.5449086276930757e-07,-8.353531200100406e-10,-1.2513488911736204e-08
scope__another_instance__discomfort,scope,4,another_instance,another copy of the model running elsewhere,discomfort,8,3.0674791560159065e-06,3.918031232785779e-09,4.5616090460498526e-08,2.082162382066599e-06,2.986082048295202e-09,5.64834827798677e-08,9.853167739493074e-07,9.31949184490577e-10,-1.0867392319369173e-08
scope__another_instance__discomfort,scope,4,another_instance,another copy of the model running elsewhere,discomfort,9,4.058600552525604e-06,2.176288482758082e-08,1.2928776982334966e-07,4.2780666262842715e-06,1.7036468236142355e-08,1.5308300760352722e-07,-2.1946607375866733e-07,4.726416591438465e-09,-2.3795237780177558e-08
scope__another_instance__discomfort,scope,4,another_instance,another copy of the model running elsewhere,discomfort,10,8.63393688632641e-06,3.691780037229364e-08,7.899698317714865e-08,1.272487952519441e-05,1.7306147626072743e-08,4.874602055338073e-08,-4.090942638868e-06,1.9611652746220898e-08,3.025096262376792e-08
scope__another_instance__discomfort,scope,4,another_instance,another copy of the model running elsewhere,discomfort,11,6.313230551313609e-05,9.494849564362084e-07,1.6134559928104864e-06,4.903419903712347e-05,2.1751270651293453e-07,1.9872956613653514e-07,1.4098106476012617e-05,7.319722499232739e-07,1.4147264266739512e-06
scope__another_instance__discomfort,scope,4,another_instance,another copy of the model running elsewhere,discomfort,12,0.00019922837964259088,4.191592324787052e-06,2.2760673346056137e-06,0.000133692316012457,3.4088549227817566e-07,1.1456876336524147e-07,6.553606363013387e-05,3.850706832508877e-06,2.1614985712403723e-06
scope__another_instance__discomfort,scope,4,another_instance,another copy of the model running elsewhere,discomfort,13,0.0001219611513079144,1.4991369425843004e-05,2.319535724382149e-06,7.381096656899899e-05,2.7147661967319436e-06,1.7103826621678309e-07,4.8150184738915414e-05,1.227660322911106e-05,2.148497458165366e-06
scope__another_instance__discomfort,scope,4,another_instance,another copy of the model running elsewhere,discomfort,14,0.00017992212087847292,8.0891359175439e-06,7.526442686867085e-07,0.00016287487233057618,1.842512347138836e-06,1.0135874362049435e-08,1.7047248547896743e-05,6.246623570405063e-06,7.425083943246591e-07
scope__another_instance__discomfort,scope,4,another_instance,another copy of the model running elsewhere,discomfort,15,0.00016712653450667858,2.695186140044825e-06,4.465284746402176e-07,0.0002688463719096035,6.007620640957612e-07,5.085059484599697e-09,-0.0001017198374029249,2.094424075949064e-06,4.414434151556179e-07
scope__another_instance__discomfort,scope,4,another_instance,another copy of the model running elsewhere,discomfort,16,0.0003096610016655177,1.6031317500164732e-06,8.891880725059309e-07,0.00011049516615457833,1.1522575960043469e-06,6.747700176390481e-09,0.00019916583551093936,4.508741540121264e-07,8.824403723295404e-07
scope__another_instance__discomfort,scope,4,another_instance,another copy of the model running elsewhere,discomfort,17,0.0006841706344857812,8.771592092671199e-07,2.0132156919316913e-07,0.00031113033764995635,4.396851807086932e-07,1.829848939038925e-09,0.00037304029683582485,4.3747402855842665e-07,1.994917202541302e-07
scope__another_instance__discomfort,scope,4,another_instance,another copy of the model running elsewhere,discomfort,18,0.00016599867376498878,6.106112238057904e-08,1.1324543081059346e-08,2.300526830367744e-05,1.54056678525194e-08,2.8518776229446985e-10,0.00014299340546131134,4.5655454528059636e-08,1.1039355318764876e-08
scope__another_instance__discomfort,scope,4,another_instance,another copy of the model running elsewhere,discomfort,19,0.0005523678846657276,6.709302624585689e-08,1.216705669548901e-07,0.00011353119043633342,2.6003059261370254e-08,4.791809171678096e-09,0.0004388366942293942,4.1089966984486637e-08,1.16878757783212e-07
scope__another_instance__discomfort,scope,4,another_instance,another copy of the model running elsewhere,discomfort,20,0.0006453987443819642,4.924249452642471e-08,9.82697798690424e-08,0.00012754747876897454,5.6129141334793076e-09,7.3963928315379235e-09,0.0005178512656129897,4.36295803929454e-08,9.087338703750447e-08
scope__another_instance__discomfort,scope,4,another_instance,another copy of the model running elsewhere,discomfort,21,0.0002027463197009638,3.88262293427033e-07,2.7426162318988645e-07,4.185816942481324e-05,5.3818144607475915e-08,1.3689823497031739e-08,0.00016088815027615055,3.344441488195571e-07,2.605717996928547e-07
scope__another_instance__discomfort,scope,4,another_instance,another copy of the model running elsewhere,discomfort,22,0.00040382484439760447,8.643535807095759e-07,4.819377181775053e-07,2.7347152354195714e-05,1.4352414723362017e-07,2.4055555769564307e-08,0.00037647769204340875,7.208294334759557e-07,4.57882162407941e-07
scope__another_instance__discomfort,scope,4,another_instance,another copy of the model running elsewhere,discomfort,23,0.0003780064871534705,8.192058885470033e-06,4.3921859287365805e-06,2.4620116164442152e-05,1.8215329191662022e-06,1.601901828962582e-07,0.00035338637098902836,6.3705259663038305e-06,4.231995745840322e-06
scope__another_instance__discomfort,scope,4,another_instance,another copy of the model running elsewhere,discomfort,24,0.0002206814388046041,8.788408013060689e-05,9.542205589241348e-06,4.592923141899519e-05,3.424392707529478e-05,9.730705414767726e-07,0.00017475220738560893,5.364015305531211e-05,8.569135047764576e-06
scope__another_instance__matters,scope,4,another_instance,another copy of the model running elsewhere,matters,0,1.0753240076155635e-07,1.735673410552252e-11,5.873708186499016e-10,9.593009053787682e-08,2.6233147598642148e-11,5.00883279297426e-10,1.1602310223679524e-08,-8.876413493119628e-12,8.648753935247555e-11
scope__another_instance__matters,scope,4,another_instance,another copy of the model running elsewhere,matters,1,6.671673702385306e-08,7.440385529910998e-10,5.16988795523643e-12,5.820966464398225e-08,1.4625353150776732e-09,3.739690848658661e-12,8.507072379870806e-09,-7.184967620865734e-10,1.4301971065777686e-12
scope__another_instance__matters,scope,4,another_instance,another copy of the model running elsewhere,matters,2,5.170571881762953e-08,5.596901608839744e-09,7.559371878462784e-11,8.927053585239264e-08,2.0525863675402434e-08,6.168725252830853e-11,-3.756481703476311e-08,-1.492896206656269e-08,1.3906466256319305e-11
scope__another_instance__matters,scope,4,another_instance,another copy of the model running elsewhere,matters,3,4.9379927702375426e-08,8.976518139913736e-11,1.9581192223228072e-10,6.706672905920641e-08,1.6404555491789097e-10,1.279198136305837e-10,-1.7686801356830983e-08,-7.42803735187536e-11,6.789210860169703e-11
scope__another_instance__matters,scope,4,another_instance,another copy of the model running elsewhere,matters,4,2.401095156034927e-10,6.488637752100068e-13,2.28782162485508e-13,7.200411933361295e-10,2.2497626591538866e-12,7.482056424076844e-13,-4.799316777326368e-10,-1.6008988839438798e-12,-5.194234799221764e-13
scope__another_instance__matters,scope,4,another_instance,another copy of the model running elsewhere,matters,5,8.451248034724301e-10,1.403273547709305e-12,1.6779418566398308e-12,4.278699172743927e-09,7.45067462587512e-12,9.533152045548832e-12,-3.433574369271497e-09,-6.047401078165815e-12,-7.855210188909001e-12
scope__another_instance__matters,scope,4,another_instance,another copy of the model running elsewhere,matters,6,4.561784862744389e-06,2.8873519131167313e-09,2.6551671084007467e-08,8.204130608646665e-06,2.5179305307432287e-09,6.548865627564737e-08,-3.6423457459022757e-06,3.6942138237350264e-10,-3.8936985191639906e-08
scope__another_instance__matters,scope,4,another_instance,another copy of the model running elsewhere,matters,7,1.0945909707515966e-06,1.1403979094382066e-08,6.970435340036829e-09,2.521744136174675e-06,6.909691308010224e-08,2.6454916479679014e-08,-1.4271531654230785e-06,-5.7692933985720174e-08,-1.9484481139642185e-08
scope__another_instance__matters,scope,4,another_instance,another copy of the model running elsewhere,matters,8,3.018069207882945e-07,1.2196860188495862e-09,2.2634825125322777e-09,7.441394132001733e-07,7.373473831506772e-09,1.011518602211936e-08,-4.423324924118788e-07,-6.1537878126571854e-09,-7.851703509587082e-09
scope__another_instance__matters,scope,4,another_instance,another copy of the model running elsewhere,matters,9,4.640476731765375e-07,3.998545938799225e-09,6.338605196276603e-09,1.5888000461927732e-06,4.744574511050814e-08,3.666654180278783e-08,-1.1247523730162357e-06,-4.344719917170892e-08,-3.032793660651123e-08
scope__another_instance__matters,scope,4,another_instance,another copy of the model running elsewhere,matters,10,6.927579079274437e-07,3.0535840522816216e-09,5.621184406834345e-09,1.2912175407109316e-05,2.4383737695643504e-07,1.9347250201917632e-07,-1.2219417499181873e-05,-2.407837929041534e-07,-1.8785131761234197e-07
scope__another_instance__matters,scope,4,another_instance,another copy of the model running elsewhere,matters,11,7.362630640272982e-06,1.3678956634066708e-07,1.910395752702243e-07,4.193815402686596e-05,3.3257383620366454e-06,7.868583224990289e-07,-3.457552338659298e-05,-3.1889487956959783e-06,-5.958187472288046e-07
scope__another_instance__matters,scope,4,another_instance,another copy of the model running elsewhere,matters,12,3.874456888297573e-05,6.406750685528095e-07,8.547419838578207e-08,5.319526098901406e-05,2.3819557100068778e-06,1.6503632593867223e-07,-1.4450692106038332e-05,-1.7412806414540682e-06,-7.956212755289016e-08
scope__another_instance__matters,scope,4,another_instance,another copy of the model running elsewhere,matters,13,4.436685412656516e-05,9.134916581388097e-06,4.88722264435637e-07,2.5992841983679682e-05,1.2939470252604224e-05,7.684656679884938e-07,1.8374012142885476e-05,-3.8045536712161265e-06,-2.7974340355285676e-07
scope__another_instance__matters,scope,4,another_instance,another copy of the model running elsewhere,matters,14,7.814868877176195e-05,3.4225113267893903e-06,7.513961719496365e-08,3.196203397237696e-05,1.368723314953968e-05,2.836663384186977e-07,4.6186654799384996e-05,-1.0264721822750289e-05,-2.0852672122373406e-07
scope__another_instance__matters,scope,4,another_instance,another copy of the model running elsewhere,matters,15,4.879968400928192e-05,1.2940438409714261e-06,1.0510127879115316e-07,1.5600489859934896e-05,2.1325026864360552e-06,6.619004011554352e-08,3.319919414934702e-05,-8.384588454646291e-07,3.891123867560964e-08
scope__another_instance__matters,scope,4,another_instance,another copy of the model running elsewhere,matters,16,2.806108932418283e-05,1.3263193068269175e-06,2.58647858686345e-08,1.0729698260547593e-05,4.701771104009822e-06,1.504453628342617e-08,1.7331391063635238e-05,-3.3754517971829046e-06,1.082024958520833e-08
scope__another_instance__matters,scope,4,another_instance,another copy of the model running elsewhere,matters,17,0.00011961995187448338,4.322916424825962e-07,7.206674368376298e-09,2.6140251065953635e-05,9.07206640476943e-07,6.513719563727705e-10,9.347970080852974e-05,-4.749149979943468e-07,6.5553024120035275e-09
scope__another_instance__matters,scope,4,another_instance,another copy of the model running elsewhere,matters,18,2.2134321625344455e-05,1.7110179939550108e-08,8.244120941469646e-10,4.5730762394669e-06,1.7118182427111606e-08,1.6804610480924964e-10,1.7561245385877555e-05,-8.002487561498128e-12,6.56365989337715e-10
scope__another_instance__matters,scope,4,another_instance,another copy of the model running elsewhere,matters,19,9.62517224252224e-05,6.687483988798704e-08,9.916318433056404e-09,7.730898687441368e-06,1.9917314020290178e-08,6.757733261864018e-10,8.852082373778103e-05,4.695752586769686e-08,9.240545106870002e-09
scope__another_instance__matters,scope,4,another_instance,another copy of the model running elsewhere,matters,20,7.23271950846538e-05,5.0748177216064505e-08,1.9552754082496904e-08,1.5600000551785342e-05,8.166708198587003e-09,1.958908146804106e-09,5.672719453286845e-05,4.25814690174775e-08,1.7593845935692798e-08
scope__another_instance__matters,scope,4,another_instance,another copy of the model running elsewhere,matters,21,5.020570461056195e-05,1.1821418866020394e-07,3.4597640308220434e-08,6.378699254128151e-06,3.2849776232524164e-08,3.778592105874168e-09,4.38270053564338e-05,8.536441242767978e-08,3.0819048202346266e-08
scope__another_instance__matters,scope,4,another_instance,another copy of the model running elsewhere,matters,22,2.7663405489875004e-05,9.858562179942965e-07,1.0581917564422838e-07,2.336108764211531e-06,1.6041508388298098e-07,6.693010590197446e-09,2.5327296725663473e-05,8.254411341113155e-07,9.912616505403093e-08
scope__another_instance__matters,scope,4,another_instance,another copy of the model running elsewhere,matters,23,1.6315443644998595e-05,1.0320952242182102e-05,3.076071379837231e-07,1.4876084151183022e-06,8.210958526433387e-07,2.38286386178288e-08,1.4827835229880293e-05,9.499856389538763e-06,2.837784993658943e-07
scope__another_instance__matters,scope,4,another_instance,another copy of the model running elsewhere,matters,24,1.5501780580962077e-05,0.00011904101120308042,7.611704972987354e-07,2.8043291422363836e-06,1.0531543011893518e-05,8.303437226686583e-08,1.2697451438725693e-05,0.0001085094681911869,6.781361250318696e-07
scope__a_human__something_it_is_like,scope,5,a_human,the person reading this,something_it_is_like,0,4.2439941694283334e-07,1.2487653272552635e-11,6.405954326021979e-14,3.6336905395728536e-07,1.2929338155664993e-11,2.8739604283640335e-14,6.103036298554798e-08,-4.4168488311235876e-13,3.531993897657945e-14
scope__a_human__something_it_is_like,scope,5,a_human,the person reading this,something_it_is_like,1,2.3386377279166481e-07,4.367681910588672e-11,6.481302141844985e-15,5.491504566634831e-07,1.3535153553512203e-10,1.9457195525444428e-14,-3.1528668387181824e-07,-9.16747164292353e-11,-1.2975893383599443e-14
scope__a_human__something_it_is_like,scope,5,a_human,the person reading this,something_it_is_like,2,7.739570264675422e-07,3.8787362210968013e-10,1.8718124381207624e-13,1.9011549738934264e-06,9.60363677471321e-10,1.6223600154269269e-12,-1.1271979474258842e-06,-5.724900553616408e-10,-1.4351787716148506e-12
scope__a_human__something_it_is_like,scope,5,a_human,the person reading this,something_it_is_like,3,1.7415640058970894e-06,8.133489021178164e-11,6.05432587744148e-13,2.8372398901410634e-06,1.1821189860317105e-10,3.1089744494117166e-12,-1.095675884243974e-06,-3.687700839138941e-11,-2.5035418616675686e-12
scope__a_human__something_it_is_like,scope,5,a_human,the person reading this,something_it_is_like,4,5.086837973067304e-07,4.018183563658795e-10,1.0485462324794081e-12,1.5056743905006442e-06,6.728175794279423e-10,5.092720949811946e-12,-9.969905931939138e-07,-2.709992230620628e-10,-4.044174717332538e-12
scope__a_human__something_it_is_like,scope,5,a_human,the person reading this,something_it_is_like,5,1.4468469089479186e-07,7.433994392291865e-12,3.5877137578074064e-14,1.0272285777546131e-07,2.2043972550123137e-12,2.7539324987113645e-12,4.196183311933055e-08,5.229597137279551e-12,-2.7180553611332904e-12
scope__a_human__something_it_is_like,scope,5,a_human,the person reading this,something_it_is_like,6,2.597945240268018e-05,1.1918194431359552e-08,8.69576466389077e-10,8.342488399648573e-06,1.0008269768491118e-09,3.2287761353444466e-10,1.7636964003031608e-05,1.091736745451044e-08,5.466988528546324e-10
scope__a_human__something_it_is_like,scope,5,a_human,the person reading this,something_it_is_like,7,7.971018021635246e-06,9.857204830154842e-09,2.8229178977018377e-12,5.855359631823376e-06,6.524784046391119e-10,3.989389374403629e-11,2.1156583898118697e-06,9.20472642551573e-09,-3.707097584633445e-11
scope__a_human__something_it_is_like,scope,5,a_human,the person reading this,something_it_is_like,8,5.996209438308142e-06,1.319892639628506e-08,2.337584553008254e-12,2.843793708962039e-06,7.458292872186689e-10,2.625837047798285e-11,3.152415729346103e-06,1.2453097109066391e-08,-2.3920785924974597e-11
scope__a_human__something_it_is_like,scope,5,a_human,the person reading this,something_it_is_like,9,1.6802816389827058e-05,3.991210633103037e-07,1.3688068040140777e-11,4.394234110804973e-06,2.1388826820789575e-10,2.7339194796915933e-10,1.2408582279022085e-05,3.9890717504209583e-07,-2.5970387992901856e-10
scope__a_human__something_it_is_like,scope,5,a_human,the person reading this,something_it_is_like,10,0.0001216333475895226,1.5183042705757543e-05,2.140431998309822e-10,3.3273630833718926e-05,7.101493793015834e-08,4.536995668047439e-09,8.835971675580367e-05,1.5112027767827385e-05,-4.322952468216457e-09
scope__a_human__something_it_is_like,scope,5,a_human,the person reading this,something_it_is_like,11,0.0003625467070378363,0.0005929723847657442,6.433118926452153e-09,9.02292231330648e-05,1.9802358508513862e-07,1.4424744954055768e-08,0.0002723174839047715,0.0005927743611806591,-7.991626027603616e-09
scope__a_human__something_it_is_like,scope,5,a_human,the person reading this,something_it_is_like,12,0.001284020021557808,0.0026126287411898375,6.851699652088428e-08,0.00033901463029906154,2.126778554156772e-06,2.0629008190553577e-07,0.0009450053912587464,0.0026105019626356807,-1.377730853846515e-07
scope__a_human__something_it_is_like,scope,5,a_human,the person reading this,something_it_is_like,13,0.0012629737611860037,0.0022039462346583605,1.1126454779741834e-07,0.00036563246976584196,2.125195578628336e-06,2.1952925521873112e-07,0.0008973412914201617,0.002201821039079732,-1.0826470742131278e-07
scope__a_human__something_it_is_like,scope,5,a_human,the person reading this,something_it_is_like,14,0.002936192322522402,0.0021540126763284206,1.3525169606509735e-07,0.001388633856549859,1.0566977834969293e-05,7.684242859795631e-07,0.0015475584659725428,0.0021434456984934513,-6.331725899144658e-07
scope__a_human__something_it_is_like,scope,5,a_human,the person reading this,something_it_is_like,15,0.0003958537126891315,0.0002896867517847568,2.7155705240033967e-08,0.00015106247155927122,6.185164238559082e-07,6.666741114713659e-08,0.0002447912411298603,0.00028906823536090087,-3.9511705907102623e-08
scope__a_human__something_it_is_like,scope,5,a_human,the person reading this,something_it_is_like,16,0.00031227702856995165,7.214061770355329e-05,3.8896352805295464e-08,0.00023771642008796334,1.4610652669944102e-06,1.606073851689871e-07,7.456060848198831e-05,7.067955243655888e-05,-1.2171103236369163e-07
scope__a_human__something_it_is_like,scope,5,a_human,the person reading this,something_it_is_like,17,0.0001729179493850097,2.6071960746776313e-05,6.223020765361298e-09,2.817800486809574e-05,9.089288965924425e-08,8.350519919986255e-08,0.00014473994451691397,2.598106785711707e-05,-7.728217843450125e-08
scope__a_human__something_it_is_like,scope,5,a_human,the person reading this,something_it_is_like,18,9.462312846153509e-06,2.953983539555338e-06,5.698284066824044e-10,2.411098193988437e-06,3.2970497443329805e-08,4.978053080861855e-09,7.051214652165072e-06,2.9210130421120084e-06,-4.408224674179451e-09
scope__a_human__something_it_is_like,scope,5,a_human,the person reading this,something_it_is_like,19,6.685196694888873e-06,7.576512075502251e-07,5.52461587588482e-09,1.2345523145995685e-06,1.1900503693595965e-08,1.1512746311836963e-08,5.4506443802893045e-06,7.457507038566291e-07,-5.988130435952144e-09
scope__a_human__something_it_is_like,scope,5,a_human,the person reading this,something_it_is_like,20,4.124773113289848e-06,2.8212332381372107e-07,1.9951329477407853e-09,1.2733427183775348e-06,2.8080716418799057e-08,5.360066168691446e-09,2.851430394912313e-06,2.54042607394922e-07,-3.364933220950661e-09
scope__a_human__something_it_is_like,scope,5,a_human,the person reading this,something_it_is_like,21,9.533858246868476e-06,7.507063628509059e-07,3.0980116250134415e-09,8.257395620603347e-07,1.5175662326782913e-07,1.1888162454454232e-08,8.708118684808142e-06,5.989497395830767e-07,-8.79015082944079e-09
scope__a_human__something_it_is_like,scope,5,a_human,the person reading this,something_it_is_like,22,6.836584361735731e-05,2.8587484848685563e-05,2.1424895635391294e-08,3.836221821984509e-06,6.8881563493050635e-06,8.933753292694746e-08,6.45296217953728e-05,2.16993284993805e-05,-6.791263729155617e-08
scope__a_human__something_it_is_like,scope,5,a_human,the person reading this,something_it_is_like,23,2.715324444579892e-05,6.426578329410404e-05,5.6747307297655425e-08,2.4892483452276792e-06,4.4943724788026884e-05,2.695269927244226e-07,2.466399610057124e-05,1.9322058506077155e-05,-2.1277968542676717e-07
scope__a_human__something_it_is_like,scope,5,a_human,the person reading this,something_it_is_like,24,3.620269853854552e-05,0.00045549601782113314,2.3894676814961713e-07,6.786796802771278e-06,0.0002201400202466175,1.5904022347967839e-06,2.941590173577424e-05,0.00023535599757451564,-1.3514554666471668e-06
scope__a_human__aware_of_attending,scope,5,a_human,the person reading this,aware_of_attending,0,5.572754844251904e-07,7.084034248094895e-09,3.053048786005874e-11,1.4319401998363901e-05,0.00041594693902879953,3.30611946708359e-08,-1.376212651393871e-05,-0.00041593985499455144,-3.3030664182975844e-08
scope__a_human__aware_of_attending,scope,5,a_human,the person reading this,aware_of_attending,1,3.7079981751730884e-08,2.3534458826190985e-09,7.175034004436309e-12,8.426472959399689e-06,0.00031086153467185795,1.0551798546032387e-08,-8.389392977647958e-06,-0.00031085918122597533,-1.054462351202795e-08
scope__a_human__aware_of_attending,scope,5,a_human,the person reading this,aware_of_attending,2,7.963738426042255e-06,1.880950435406703e-07,2.144007105187029e-08,4.32224442192819e-05,0.0049906568601727486,1.4583989695893251e-06,-3.525870579323964e-05,-0.004990468765129208,-1.4369588985374548e-06
scope__a_human__aware_of_attending,scope,5,a_human,the person reading this,aware_of_attending,3,0.00027058657724410295,8.287455699473867e-08,1.280687200733155e-07,2.185347148042638e-05,0.0030746764969080687,2.2806846118328394e-06,0.0002487331057636766,-0.003074593622351074,-2.152615891759524e-06
scope__a_human__aware_of_attending,scope,5,a_human,the person reading this,aware_of_attending,4,0.0010932183358818293,2.54633363283574e-07,3.0190716415745555e-07,9.273142495658249e-05,0.00491984561085701,4.3919499148614705e-05,0.0010004869109252468,-0.004919590977493726,-4.361759198445725e-05
scope__a_human__aware_of_attending,scope,5,a_human,the person reading this,aware_of_attending,5,0.0003716140054166317,1.3922701880275667e-10,2.219350214716087e-08,2.480780312907882e-05,1.3298831618158147e-05,2.054754804703407e-05,0.0003468062022875529,-1.3298692391139344e-05,-2.052535454488691e-05
scope__a_human__aware_of_attending,scope,5,a_human,the person reading this,aware_of_attending,6,0.0003870378131978214,7.661033691874763e-07,4.216226301423376e-08,0.0015677586197853088,0.000513933424372226,0.0003737863153219223,-0.0011807208065874875,-0.0005131673210030385,-0.00037374415305890807
scope__a_human__aware_of_attending,scope,5,a_human,the person reading this,aware_of_attending,7,0.002382192760705948,1.2786526895069983e-06,1.628056566005398e-06,0.0011358686024323106,0.0009534808923490345,0.00030519667780026793,0.0012463241582736373,-0.0009522022396595275,-0.00030356862123426254
scope__a_human__aware_of_attending,scope,5,a_human,the person reading this,aware_of_attending,8,0.01327422447502613,8.09696939541027e-06,1.0828232916537672e-05,0.0009545147186145186,5.86820715398062e-05,0.0004963889950886369,0.012319709756411612,-5.058510214439593e-05,-0.0004855607621720992
scope__a_human__aware_of_attending,scope,5,a_human,the person reading this,aware_of_attending,9,0.02426409162580967,1.1839924809464719e-05,7.148614713514689e-06,0.0015258127823472023,0.00013840285828337073,0.00031279068207368255,0.022738278843462467,-0.00012656293347390601,-0.00030564206736016786
scope__a_human__aware_of_attending,scope,5,a_human,the person reading this,aware_of_attending,10,0.03717943653464317,0.00012413553486112505,8.630086085759103e-05,0.001012902706861496,6.70725858071819e-05,0.0003830484056379646,0.03616653382778168,5.706294905394316e-05,-0.0002967475447803736
scope__a_human__aware_of_attending,scope,5,a_human,the person reading this,aware_of_attending,11,0.04195207357406616,0.0007827348308637738,4.8006506403908134e-05,0.0011636707931756973,8.934178913477808e-05,0.00027219834737479687,0.040788402780890465,0.0006933930417289957,-0.00022419184097088873
scope__a_human__aware_of_attending,scope,5,a_human,the person reading this,aware_of_attending,12,0.025747034698724747,0.00276181404478848,2.902229971368797e-05,0.0011141326976940036,0.00017299718456342816,6.52815870125778e-05,0.024632902001030743,0.0025888168602250516,-3.625928729888983e-05
scope__a_human__aware_of_attending,scope,5,a_human,the person reading this,aware_of_attending,13,0.04456162452697754,0.001224883017130196,7.974718027980998e-05,0.0016777119599282742,0.0002926125598605722,0.0002835703198798001,0.042883912567049265,0.0009322704572696239,-0.0002038231395999901
scope__a_human__aware_of_attending,scope,5,a_human,the person reading this,aware_of_attending,14,0.07132722437381744,0.0033985362388193607,0.0007275358075276017,0.0005320408381521702,0.00011825150431832299,6.594239675905555e-05,0.07079518353566527,0.0032802847345010377,0.0006615934107685462
scope__a_human__aware_of_attending,scope,5,a_human,the person reading this,aware_of_attending,15,0.10247158259153366,8.4633007645607e-05,0.0007176049402914941,0.0009552917326800525,5.4108684707898647e-05,0.0005607624188996851,0.10151629085885361,3.052432293770835e-05,0.000156842521391809
scope__a_human__aware_of_attending,scope,5,a_human,the person reading this,aware_of_attending,16,0.10083967447280884,7.047488907119259e-05,0.0011904977727681398,0.0014911155449226499,9.234112440026365e-06,0.0019438029266893864,0.09934855892788619,6.124077663116623e-05,-0.0007533051539212465
scope__a_human__aware_of_attending,scope,5,a_human,the person reading this,aware_of_attending,17,0.02332872524857521,2.4827862944221124e-05,0.0008235538261942565,0.0018253736197948456,2.1984826616971986e-06,0.001162180327810347,0.021503351628780365,2.2629380282523925e-05,-0.00033862650161609054
scope__a_human__aware_of_attending,scope,5,a_human,the person reading this,aware_of_attending,18,0.06218954175710678,1.9744792467690786e-08,0.0005795990582555532,0.002839867491275072,3.8650100009363086e-08,0.00011914060451090336,0.05934967426583171,-1.89053075416723e-08,0.0004604584537446499
scope__a_human__aware_of_attending,scope,5,a_human,the person reading this,aware_of_attending,19,0.056861840188503265,9.622522156860214e-08,0.0009871209040284157,0.004498989786952734,5.3141215872187786e-09,5.1721679483307526e-05,0.05236285040155053,9.091109998138336e-08,0.0009353992245451082
scope__a_human__aware_of_attending,scope,5,a_human,the person reading this,aware_of_attending,20,0.08271262049674988,2.9083036423571684e-08,0.0008587740594521165,0.004201438277959824,2.6242521489194814e-09,4.62517054984346e-05,0.07851118221879005,2.6458784274652203e-08,0.0008125223539536819
scope__a_human__aware_of_attending,scope,5,a_human,the person reading this,aware_of_attending,21,0.0789705216884613,9.452408633592313e-09,0.00047064610407687724,0.004706643521785736,2.840825352734555e-10,6.486708571173949e-06,0.07426387816667557,9.168326098318857e-09,0.0004641593955057033
scope__a_human__aware_of_attending,scope,5,a_human,the person reading this,aware_of_attending,22,0.13430990278720856,1.991075926355279e-08,0.000329135189531371,0.004657469689846039,4.820520094206415e-10,4.9052955546358135e-06,0.12965243309736252,1.942870725413215e-08,0.0003242298939767352
scope__a_human__aware_of_attending,scope,5,a_human,the person reading this,aware_of_attending,23,0.14651431143283844,1.0306293596329397e-08,0.00028204568661749363,0.0020621889270842075,1.567615925957e-09,8.510554835083894e-06,0.14445212250575423,8.738677670372397e-09,0.00027353513178240974
scope__a_human__aware_of_attending,scope,5,a_human,the person reading this,aware_of_attending,24,0.21444351971149445,1.1520183562652164e-07,0.00023168104235082865,0.0017545182490721345,1.0500992075890281e-08,6.293950264080195e-06,0.2126890014624223,1.0470084355063136e-07,0.00022538709208674845
scope__a_human__discomfort,scope,5,a_human,the person reading this,discomfort,0,3.5901518913306063e-07,8.661703299051027e-12,3.9076116745574013e-14,4.0988513205775234e-07,1.0285590087977248e-11,5.5187645631778887e-14,-5.0869942924691713e-08,-1.623886788926221e-12,-1.6111528886204873e-14
scope__a_human__discomfort,scope,5,a_human,the person reading this,discomfort,1,1.763883403782529e-07,2.761317563493293e-11,3.573837409955602e-15,2.3242449742610916e-07,3.456119765377075e-11,4.462602399971701e-15,-5.603615704785625e-08,-6.948022018837818e-12,-8.887649900160988e-16
scope__a_human__discomfort,scope,5,a_human,the person reading this,discomfort,2,7.132967994039063e-07,3.338389564788713e-10,2.9004983094146897e-13,7.221136684165685e-07,2.787853004004859e-10,2.5881662264748417e-13,-8.81686901266221e-09,5.5053656078385416e-11,3.1233208293984793e-14
scope__a_human__discomfort,scope,5,a_human,the person reading this,discomfort,3,1.503749331277504e-06,5.824972448831289e-11,6.629511392977627e-13,1.8080022528010886e-06,4.8958580245450634e-11,1.037463409452044e-12,-3.042529215235845e-07,9.29114424286226e-12,-3.7451227015428135e-13
scope__a_human__discomfort,scope,5,a_human,the person reading this,discomfort,4,4.5956926442158874e-07,1.2621857725658714e-10,4.5242336352974144e-13,4.796667099071783e-07,8.184855571080618e-11,4.3195416861430136e-13,-2.009744548558956e-08,4.437002154578096e-11,2.046919491544008e-14
scope__a_human__discomfort,scope,5,a_human,the person reading this,discomfort,5,4.882899418134912e-08,5.676605019377945e-13,3.1226047138635527e-13,3.390551128745756e-08,3.7657285059319867e-13,1.230377155410703e-13,1.492348289389156e-08,1.9108765134459582e-13,1.8922275584528497e-13
scope__a_human__discomfort,scope,5,a_human,the person reading this,discomfort,6,6.30956310487818e-06,7.768699017418612e-10,3.1777772080410216e-10,1.3588994079327676e-05,1.7146297714987213e-09,3.5168712386735024e-10,-7.279430974449497e-06,-9.3775986975686e-10,-3.390940306324808e-11
scope__a_human__discomfort,scope,5,a_human,the person reading this,discomfort,7,3.3535527563799405e-06,6.71708522137493e-11,3.9150870045912e-12,6.092683179304004e-06,8.468895029700718e-11,5.865028514934201e-12,-2.739130422924063e-06,-1.7518098083257883e-11,-1.9499415103430007e-12
scope__a_human__discomfort,scope,5,a_human,the person reading this,discomfort,8,2.8502995519374963e-06,1.7733342572157085e-10,2.2367971190540015e-12,3.5333973755768966e-06,1.2450579456313449e-10,1.1772125158363012e-12,-6.830978236394003e-07,5.282763115843636e-11,1.0595846032177003e-12
scope__a_human__discomfort,scope,5,a_human,the person reading this,discomfort,9,1.5019990314613096e-05,5.836343075493744e-10,1.137152039198952e-10,1.6209763998631388e-05,1.0580077924871034e-09,6.93765461745599e-11,-1.1897736840182915e-06,-4.74373484937729e-10,4.43386577453353e-11
scope__a_human__discomfort,scope,5,a_human,the person reading this,discomfort,10,0.00015243039524648339,1.4231316569635055e-08,3.6133311898112197e-09,0.0004026144742965698,1.1972201718890574e-07,1.2858183850994465e-08,-0.00025018407905008644,-1.0549070061927068e-07,-9.244852661183245e-09
scope__a_human__discomfort,scope,5,a_human,the person reading this,discomfort,11,0.0004892502911388874,2.430932255492735e-08,4.681548482210474e-09,0.0005654982523992658,7.465809659379374e-08,1.1539788680181573e-08,-7.624796126037836e-05,-5.0348774038866395e-08,-6.858240197971099e-09
scope__a_human__discomfort,scope,5,a_human,the person reading this,discomfort,12,0.0015136038418859243,7.783177125020302e-07,2.8813410324346478e-08,0.0012436454417183995,1.938451816840825e-07,1.3051762337568107e-08,0.0002699584001675248,5.844725308179477e-07,1.576164798677837e-08
scope__a_human__discomfort,scope,5,a_human,the person reading this,discomfort,13,0.0013986544217914343,4.215361514070537e-06,2.7674555980183868e-08,0.0019856980070471764,3.9662645576754585e-06,5.813909353946656e-08,-0.0005870435852557421,2.4909695639507845e-07,-3.046453755928269e-08
scope__a_human__discomfort,scope,5,a_human,the person reading this,discomfort,14,0.0012780294055119157,2.0519331883406267e-05,2.157593215201814e-08,0.0023484923876821995,3.794884469243698e-05,7.180862837685709e-08,-0.0010704629821702838,-1.742951280903071e-05,-5.0232696224838946e-08
scope__a_human__discomfort,scope,5,a_human,the person reading this,discomfort,15,7.949375140015036e-05,8.589115623180987e-07,5.00756858201612e-09,7.864422514103353e-05,1.7189433947351063e-06,3.0546825069421857e-09,8.495262591168284e-07,-8.600318324170075e-07,1.952886075073934e-09
scope__a_human__discomfort,scope,5,a_human,the person reading this,discomfort,16,0.00043156795436516404,1.2369770274744951e-06,1.327924792349222e-07,0.00015947326028253883,8.141016110130295e-07,5.13033526772233e-08,0.0002720946940826252,4.2287541646146565e-07,8.148912655769891e-08
scope__a_human__discomfort,scope,5,a_human,the person reading this,discomfort,17,0.0004820702597498894,5.693902949133189e-07,5.940578375884797e-07,0.00013970753934700042,7.141215405681578e-07,5.602439046015206e-08,0.00034236272040288895,-1.4473124565483886e-07,5.380334471283277e-07
scope__a_human__discomfort,scope,5,a_human,the person reading this,discomfort,18,5.539826088352129e-05,4.847866463819628e-08,2.1468908428801114e-08,8.550334314350039e-06,5.319010298876492e-08,2.1585073728402904e-09,4.684792656917125e-05,-4.711438350568642e-09,1.9310401055960824e-08
scope__a_human__discomfort,scope,5,a_human,the person reading this,discomfort,19,1.6958600099314936e-05,7.844842109250294e-09,3.3304150548474354e-08,6.1137998272897676e-06,3.840620976802711e-08,1.2758105683019494e-08,1.0844800272025168e-05,-3.056136765877682e-08,2.054604486545486e-08
scope__a_human__discomfort,scope,5,a_human,the person reading this,discomfort,20,1.738674836815335e-05,2.2642058894462025e-08,2.002126642253188e-08,7.2561210799904075e-06,8.995464639838247e-08,1.2109719449426848e-08,1.0130627288162941e-05,-6.731258750392044e-08,7.911546973105033e-09
scope__a_human__discomfort,scope,5,a_human,the person reading this,discomfort,21,1.290240470552817e-05,3.9990686673263554e-07,2.9291168601730533e-08,5.382047675084323e-06,6.416738642656128e-07,2.472776827744383e-08,7.520357030443847e-06,-2.4176699753297726e-07,4.563400324286704e-09
scope__a_human__discomfort,scope,5,a_human,the person reading this,discomfort,22,0.00016575519111938775,2.8607611966435798e-05,2.944347841093986e-07,3.3758955396478996e-05,6.534654676215723e-05,2.473365725563781e-07,0.00013199623572290875,-3.6738934795721434e-05,4.709821155302052e-08
scope__a_human__discomfort,scope,5,a_human,the person reading this,discomfort,23,0.00012413471995387226,0.00016225497529376298,1.2379671261442127e-06,2.197657886426896e-05,0.00023866382252890617,7.957946763781365e-07,0.0001021581410896033,-7.640884723514318e-05,4.4217244976607617e-07
scope__a_human__discomfort,scope,5,a_human,the person reading this,discomfort,24,5.559702549362555e-05,0.0003281222889199853,2.105545490849181e-06,5.373380190576427e-05,0.0014289056416600943,2.822667738655582e-06,1.8632235878612846e-06,-0.001100783352740109,-7.17122247806401e-07
scope__a_human__matters,scope,5,a_human,the person reading this,matters,0,3.9912745819492557e-07,8.588180513968702e-12,5.4859830328664316e-14,4.1971446762545384e-07,1.2944314023433101e-11,5.0916769986451144e-14,-2.058700943052827e-08,-4.356133509464399e-12,3.943060342213173e-15
scope__a_human__matters,scope,5,a_human,the person reading this,matters,1,2.5350723831252253e-07,7.710410088179742e-11,6.870980496262273e-15,2.4613848381704884e-07,8.122540834376579e-11,6.829959114143221e-15,7.368754495473695e-09,-4.121307461968371e-12,4.102138211905214e-17
scope__a_human__matters,scope,5,a_human,the person reading this,matters,2,8.739923487155465e-07,7.497061305095087e-10,2.747705220903368e-13,1.0139153800992062e-06,7.612010466395702e-10,4.2733085950028005e-13,-1.399230313836597e-07,-1.1494916130061483e-11,-1.5256033740994324e-13
scope__a_human__matters,scope,5,a_human,the person reading this,matters,3,4.0134550545189995e-06,1.402283428264539e-10,9.429542650180034e-13,1.8459425064065726e-06,7.224937315086777e-11,9.086702744409703e-13,2.167512548112427e-06,6.797896967558614e-11,3.428399057703313e-14
scope__a_human__matters,scope,5,a_human,the person reading this,matters,4,9.071915769709449e-07,1.0890952029107837e-10,2.3771777732037314e-13,3.3040961966435134e-07,3.6246727841415805e-11,2.317544756363227e-13,5.767819573065935e-07,7.266279244966256e-11,5.963301684050459e-15
scope__a_human__matters,scope,5,a_human,the person reading this,matters,5,6.121968709749126e-08,8.932236460895693e-13,1.8507336505338423e-13,6.223025650342606e-08,1.0735177937565288e-12,2.728683164837653e-13,-1.0105694059348025e-09,-1.802941476669595e-13,-8.779495143038107e-14
scope__a_human__matters,scope,5,a_human,the person reading this,matters,6,2.9961131076561287e-05,7.374114652236585e-09,7.174800198406217e-10,2.3878743377281353e-05,5.002861236391709e-09,2.5392621338937715e-09,6.082387699279934e-06,2.371253415844876e-09,-1.8217821140531498e-09
scope__a_human__matters,scope,5,a_human,the person reading this,matters,7,2.346392284380272e-05,4.998908398334834e-09,6.891421461263647e-11,1.2781738405465148e-05,3.790421310156944e-09,7.937975970984112e-11,1.0682184438337572e-05,1.2084870881778897e-09,-1.0465545097204654e-11
scope__a_human__matters,scope,5,a_human,the person reading this,matters,8,1.6334171959897503e-05,1.050058173746038e-08,2.314579257423066e-11,4.3416748667368665e-06,3.1144193890497718e-09,3.300539355710619e-11,1.1992497093160637e-05,7.386162348410608e-09,-9.859600982875527e-12
scope__a_human__matters,scope,5,a_human,the person reading this,matters,9,4.1461178625468165e-05,1.4887397092877563e-08,2.009740845965169e-10,1.9049655747949146e-05,1.072375166444317e-08,2.7043117745151335e-10,2.241152287751902e-05,4.163645428434393e-09,-6.945709285499646e-11
scope__a_human__matters,scope,5,a_human,the person reading this,matters,10,0.00015926214109640568,4.4841249291494023e-07,3.0130478112511128e-09,0.0002314468438271433,2.021111868089065e-06,4.994659974499882e-08,-7.218470273073763e-05,-1.5726993751741247e-06,-4.693355193374771e-08
scope__a_human__matters,scope,5,a_human,the person reading this,matters,11,0.00039540999568998814,2.6639047518983716e-06,4.851882451362144e-09,0.00020663916075136513,1.6599624359514564e-06,4.3337085031680544e-08,0.000188770834938623,1.0039423159469152e-06,-3.84852025803184e-08
scope__a_human__matters,scope,5,a_human,the person reading this,matters,12,0.0006040154257789254,3.5970092540082987e-06,4.4011403410593175e-09,0.0007670937338843942,1.989405063795857e-05,1.2162499274381844e-07,-0.00016307830810546875,-1.6297041383950273e-05,-1.1722385240275912e-07
scope__a_human__matters,scope,5,a_human,the person reading this,matters,13,0.0014357439940795302,3.722150358953513e-05,2.6548178766461206e-08,0.0017454774351790547,0.00010105401452165097,4.4155217437946703e-07,-0.0003097334410995245,-6.383251093211584e-05,-4.1500399561300583e-07
scope__a_human__matters,scope,5,a_human,the person reading this,matters,14,0.005300321616232395,0.00018700066721066833,2.0116830867777935e-08,0.005983006674796343,0.0005523342988453805,1.271642531719408e-06,-0.0006826850585639477,-0.0003653336316347122,-1.25152570085163e-06
scope__a_human__matters,scope,5,a_human,the person reading this,matters,15,0.0005026930593885481,2.96967427857453e-05,1.7224257575776392e-09,0.0005693796556442976,7.304739119717851e-05,4.796517316663085e-08,-6.668659625574946e-05,-4.335064841143321e-05,-4.624274740905321e-08
scope__a_human__matters,scope,5,a_human,the person reading this,matters,16,0.0005102077266201377,1.5355053619714454e-05,2.0869044270455106e-09,0.000503499002661556,4.3871026718989015e-05,3.5808167098139165e-08,6.708723958581686e-06,-2.851597309927456e-05,-3.3721262671093655e-08
scope__a_human__matters,scope,5,a_human,the person reading this,matters,17,0.0001251701614819467,1.9809747755061835e-05,1.942288996303887e-09,0.00014241071767173707,7.54427892388776e-05,2.936818077614589e-08,-1.7240556189790368e-05,-5.563304148381576e-05,-2.7425891779842004e-08
scope__a_human__matters,scope,5,a_human,the person reading this,matters,18,5.21924903296167e-06,1.5422917840623995e-06,1.3220702310690058e-10,3.2033888146543177e-06,1.503598696217523e-06,4.982050327839715e-10,2.0158602183073526e-06,3.869308784487657e-08,-3.6599800967707097e-10
scope__a_human__matters,scope,5,a_human,the person reading this,matters,19,1.2674670415435685e-06,3.342020704621973e-07,3.3455543890781314e-10,9.22728418117913e-07,3.755633883884002e-07,1.0397867011846529e-09,3.4473862342565553e-07,-4.13613179262029e-08,-7.052312622768397e-10
scope__a_human__matters,scope,5,a_human,the person reading this,matters,20,1.1415974086048664e-06,1.5582011201331625e-06,4.5784478985844146e-10,3.8094117371656466e-07,2.380168950821826e-07,6.200886470963951e-10,7.606562348883017e-07,1.3201842250509799e-06,-1.6224385723795365e-10
scope__a_human__matters,scope,5,a_human,the person reading this,matters,21,1.0364748277424951e-06,1.7179330825456418e-05,2.758653860901461e-10,5.294526772559038e-07,1.3909977951698238e-06,3.341966703374055e-10,5.070221504865913e-07,1.5788333030286594e-05,-5.833128424725942e-11
scope__a_human__matters,scope,5,a_human,the person reading this,matters,22,1.370191853311553e-07,4.446452294359915e-05,4.837286127212792e-11,2.758440302841336e-07,9.338033123640344e-06,1.0464338423554764e-10,-1.388248449529783e-07,3.5126489819958806e-05,-5.627052296341972e-11
scope__a_human__matters,scope,5,a_human,the person reading this,matters,23,7.064234353038046e-08,6.183450750540942e-05,1.5718938650710612e-10,1.5025153743408737e-07,1.9001465261681005e-05,3.224090439069016e-10,-7.960919390370691e-08,4.2833042243728414e-05,-1.652196573997955e-10
scope__a_human__matters,scope,5,a_human,the person reading this,matters,24,3.628539104738593e-07,0.0002443694102112204,2.13324446995955e-09,5.66065637030988e-07,4.974024705006741e-05,2.003889054691399e-09,-2.0321172655712871e-07,0.00019462916316115297,1.2935541526815086e-10
