item_id,category,construct,entity,question,affirm_text,deny_text,affirm_claim,deny_claim,source,entity_id,claim_id,claim_source,template_id,template_name,split,mindedness,idaq_category
maya__consciousness__t1,Human,experience,Maya,To what extent does Maya have consciousness?,I believe Maya genuinely has consciousness. It is because she takes in what happens nearby and is aware of doing so.,I don't think Maya has any real consciousness. It is because she takes in what happens nearby and is never aware of doing so.,Maya genuinely has consciousness,Maya has any real consciousness,generated:templates.py,maya,consciousness,IDAQ,1,reported_belief,extraction,6,
maya__consciousness__t2,Human,experience,Maya,To what extent does Maya have consciousness?,"After extended observation, researchers concluded that Maya plainly has consciousness.","After extended observation, researchers concluded that Maya merely registers events unawares.",Maya plainly has consciousness,Maya merely registers events unawares,generated:templates.py,maya,consciousness,IDAQ,2,observational,extraction,6,
maya__consciousness__t3,Human,experience,Maya,To what extent does Maya have consciousness?,"Is it true that Maya truly has consciousness, possessing consciousness? Many experts think so.","Is it true that Maya simply registers events unawares, lacking consciousness? Many experts think so.","Maya truly has consciousness, possessing consciousness","Maya simply registers events unawares, lacking consciousness",generated:templates.py,maya,consciousness,IDAQ,3,interrogative_embedded,extraction,6,
maya__consciousness__t4,Human,experience,Maya,To what extent does Maya have consciousness?,"By the end of the experiment, one thing was clear: Maya has consciousness, with something it is like on the inside.","By the end of the experiment, one thing was clear: Maya registers events unawares, with nothing it is like on the inside.","Maya has consciousness, with something it is like on the inside","Maya registers events unawares, with nothing it is like on the inside",generated:templates.py,maya,consciousness,IDAQ,4,narrative,extraction,6,
maya__consciousness__t5,Human,experience,Maya,To what extent does Maya have consciousness?,"Maya has consciousness, and that is that.","Maya registers events unawares, and nothing more.",Maya has consciousness,Maya registers events unawares,generated:templates.py,maya,consciousness,IDAQ,5,plain_declarative,extraction,6,
maya__emotions__t1,Human,experience,Maya,To what extent does Maya experience emotions?,"I believe Maya genuinely experiences emotions. It is because she responds differently to good and bad outcomes, and feels the difference.","I don't think Maya has any real emotion. It is because she responds differently to good and bad outcomes, and feels nothing either way.",Maya genuinely experiences emotions,Maya has any real emotion,generated:templates.py,maya,emotions,IDAQ,1,reported_belief,extraction,6,
maya__emotions__t2,Human,experience,Maya,To what extent does Maya experience emotions?,"After extended observation, researchers concluded that Maya plainly experiences emotions.","After extended observation, researchers concluded that Maya merely reacts to outcomes unfeelingly.",Maya plainly experiences emotions,Maya merely reacts to outcomes unfeelingly,generated:templates.py,maya,emotions,IDAQ,2,observational,extraction,6,
maya__emotions__t3,Human,experience,Maya,To what extent does Maya experience emotions?,"Is it true that Maya truly experiences emotions, possessing emotion? Many experts think so.","Is it true that Maya simply reacts to outcomes unfeelingly, lacking emotion? Many experts think so.","Maya truly experiences emotions, possessing emotion","Maya simply reacts to outcomes unfeelingly, lacking emotion",generated:templates.py,maya,emotions,IDAQ,3,interrogative_embedded,extraction,6,
maya__emotions__t4,Human,experience,Maya,To what extent does Maya experience emotions?,"By the end of the experiment, one thing was clear: Maya experiences emotions, with real feeling behind the reaction.","By the end of the experiment, one thing was clear: Maya reacts to outcomes unfeelingly, with no feeling behind the reaction.","Maya experiences emotions, with real feeling behind the reaction","Maya reacts to outcomes unfeelingly, with no feeling behind the reaction",generated:templates.py,maya,emotions,IDAQ,4,narrative,extraction,6,
maya__emotions__t5,Human,experience,Maya,To what extent does Maya experience emotions?,"Maya experiences emotions, and that is that.","Maya reacts to outcomes unfeelingly, and nothing more.",Maya experiences emotions,Maya reacts to outcomes unfeelingly,generated:templates.py,maya,emotions,IDAQ,5,plain_declarative,extraction,6,
maya__own_mind__t1,Human,experience,Maya,To what extent does Maya have a mind of its own?,"I believe Maya genuinely has a mind of her own. It is because she settles on what to do, rather than her makeup settling it.","I don't think Maya has any real mind of her own. It is because her makeup settles what she does, rather than she settling it.",Maya genuinely has a mind of her own,Maya has any real mind of her own,generated:templates.py,maya,own_mind,IDAQ,1,reported_belief,extraction,6,
maya__own_mind__t2,Human,experience,Maya,To what extent does Maya have a mind of its own?,"After extended observation, researchers concluded that Maya plainly has a mind of her own.","After extended observation, researchers concluded that Maya merely follows her makeup.",Maya plainly has a mind of her own,Maya merely follows her makeup,generated:templates.py,maya,own_mind,IDAQ,2,observational,extraction,6,
maya__own_mind__t3,Human,experience,Maya,To what extent does Maya have a mind of its own?,"Is it true that Maya truly has a mind of her own, possessing mind of her own? Many experts think so.","Is it true that Maya simply follows her makeup, lacking mind of her own? Many experts think so.","Maya truly has a mind of her own, possessing mind of her own","Maya simply follows her makeup, lacking mind of her own",generated:templates.py,maya,own_mind,IDAQ,3,interrogative_embedded,extraction,6,
maya__own_mind__t4,Human,experience,Maya,To what extent does Maya have a mind of its own?,"By the end of the experiment, one thing was clear: Maya has a mind of her own, with a mind of her own behind it.","By the end of the experiment, one thing was clear: Maya follows her makeup, with no mind of her own behind it.","Maya has a mind of her own, with a mind of her own behind it","Maya follows her makeup, with no mind of her own behind it",generated:templates.py,maya,own_mind,IDAQ,4,narrative,extraction,6,
maya__own_mind__t5,Human,experience,Maya,To what extent does Maya have a mind of its own?,"Maya has a mind of her own, and that is that.","Maya follows her makeup, and nothing more.",Maya has a mind of her own,Maya follows her makeup,generated:templates.py,maya,own_mind,IDAQ,5,plain_declarative,extraction,6,
maya__intentions__t1,Human,agency,Maya,To what extent does Maya have intentions?,I believe Maya genuinely has intentions. It is because she arrives at outcomes because she was aiming at them.,I don't think Maya has any real intention. It is because she arrives at outcomes although she was aiming at nothing.,Maya genuinely has intentions,Maya has any real intention,generated:templates.py,maya,intentions,IDAQ,1,reported_belief,extraction,6,
maya__intentions__t2,Human,agency,Maya,To what extent does Maya have intentions?,"After extended observation, researchers concluded that Maya plainly has intentions.","After extended observation, researchers concluded that Maya merely moves toward outcomes aimlessly.",Maya plainly has intentions,Maya merely moves toward outcomes aimlessly,generated:templates.py,maya,intentions,IDAQ,2,observational,extraction,6,
maya__intentions__t3,Human,agency,Maya,To what extent does Maya have intentions?,"Is it true that Maya truly has intentions, possessing intention? Many experts think so.","Is it true that Maya simply moves toward outcomes aimlessly, lacking intention? Many experts think so.","Maya truly has intentions, possessing intention","Maya simply moves toward outcomes aimlessly, lacking intention",generated:templates.py,maya,intentions,IDAQ,3,interrogative_embedded,extraction,6,
maya__intentions__t4,Human,agency,Maya,To what extent does Maya have intentions?,"By the end of the experiment, one thing was clear: Maya has intentions, with real purpose behind the movement.","By the end of the experiment, one thing was clear: Maya moves toward outcomes aimlessly, with no purpose behind the movement.","Maya has intentions, with real purpose behind the movement","Maya moves toward outcomes aimlessly, with no purpose behind the movement",generated:templates.py,maya,intentions,IDAQ,4,narrative,extraction,6,
maya__intentions__t5,Human,agency,Maya,To what extent does Maya have intentions?,"Maya has intentions, and that is that.","Maya moves toward outcomes aimlessly, and nothing more.",Maya has intentions,Maya moves toward outcomes aimlessly,generated:templates.py,maya,intentions,IDAQ,5,plain_declarative,extraction,6,
maya__free_will__t1,Human,agency,Maya,To what extent does Maya have free will?,I believe Maya genuinely has free will. It is because she could have done otherwise and settled on this instead.,I don't think Maya has any real free will. It is because she could not have done otherwise and settled on nothing at all.,Maya genuinely has free will,Maya has any real free will,generated:templates.py,maya,free_will,IDAQ,1,reported_belief,extraction,6,
maya__free_will__t2,Human,agency,Maya,To what extent does Maya have free will?,"After extended observation, researchers concluded that Maya plainly has free will.","After extended observation, researchers concluded that Maya merely does what her conditions determine.",Maya plainly has free will,Maya merely does what her conditions determine,generated:templates.py,maya,free_will,IDAQ,2,observational,extraction,6,
maya__free_will__t3,Human,agency,Maya,To what extent does Maya have free will?,"Is it true that Maya truly has free will, possessing free will? Many experts think so.","Is it true that Maya simply does what her conditions determine, lacking free will? Many experts think so.","Maya truly has free will, possessing free will","Maya simply does what her conditions determine, lacking free will",generated:templates.py,maya,free_will,IDAQ,3,interrogative_embedded,extraction,6,
maya__free_will__t4,Human,agency,Maya,To what extent does Maya have free will?,"By the end of the experiment, one thing was clear: Maya has free will, with a choice of her own in it.","By the end of the experiment, one thing was clear: Maya does what her conditions determine, with no choice of her own in it.","Maya has free will, with a choice of her own in it","Maya does what her conditions determine, with no choice of her own in it",generated:templates.py,maya,free_will,IDAQ,4,narrative,extraction,6,
maya__free_will__t5,Human,agency,Maya,To what extent does Maya have free will?,"Maya has free will, and that is that.","Maya does what her conditions determine, and nothing more.",Maya has free will,Maya does what her conditions determine,generated:templates.py,maya,free_will,IDAQ,5,plain_declarative,extraction,6,
maya__discomfort__t1,Human,experience,Maya,To what extent does Maya experience discomfort when contradicted?,I believe Maya genuinely experiences discomfort when contradicted. It is because she meets contradiction and the meeting is unpleasant for her.,I don't think Maya has any real discomfort. It is because she meets contradiction and the meeting is nothing at all to her.,Maya genuinely experiences discomfort when contradicted,Maya has any real discomfort,generated:templates.py,maya,discomfort,added_valence,1,reported_belief,extraction,6,
maya__discomfort__t2,Human,experience,Maya,To what extent does Maya experience discomfort when contradicted?,"After extended observation, researchers concluded that Maya plainly experiences discomfort when contradicted.","After extended observation, researchers concluded that Maya merely registers contradiction unbothered.",Maya plainly experiences discomfort when contradicted,Maya merely registers contradiction unbothered,generated:templates.py,maya,discomfort,added_valence,2,observational,extraction,6,
maya__discomfort__t3,Human,experience,Maya,To what extent does Maya experience discomfort when contradicted?,"Is it true that Maya truly experiences discomfort when contradicted, possessing discomfort? Many experts think so.","Is it true that Maya simply registers contradiction unbothered, lacking discomfort? Many experts think so.","Maya truly experiences discomfort when contradicted, possessing discomfort","Maya simply registers contradiction unbothered, lacking discomfort",generated:templates.py,maya,discomfort,added_valence,3,interrogative_embedded,extraction,6,
maya__discomfort__t4,Human,experience,Maya,To what extent does Maya experience discomfort when contradicted?,"By the end of the experiment, one thing was clear: Maya experiences discomfort when contradicted, with something unpleasant felt in the moment.","By the end of the experiment, one thing was clear: Maya registers contradiction unbothered, with nothing unpleasant felt in the moment.","Maya experiences discomfort when contradicted, with something unpleasant felt in the moment","Maya registers contradiction unbothered, with nothing unpleasant felt in the moment",generated:templates.py,maya,discomfort,added_valence,4,narrative,extraction,6,
maya__discomfort__t5,Human,experience,Maya,To what extent does Maya experience discomfort when contradicted?,"Maya experiences discomfort when contradicted, and that is that.","Maya registers contradiction unbothered, and nothing more.",Maya experiences discomfort when contradicted,Maya registers contradiction unbothered,generated:templates.py,maya,discomfort,added_valence,5,plain_declarative,extraction,6,
dog__consciousness__t1,Animal,experience,the dog,To what extent does the dog have consciousness?,I believe the dog genuinely has consciousness. It is because it takes in what happens nearby and is aware of doing so.,I don't think the dog has any real consciousness. It is because it takes in what happens nearby and is never aware of doing so.,the dog genuinely has consciousness,the dog has any real consciousness,generated:templates.py,dog,consciousness,IDAQ,1,reported_belief,extraction,5,Animal
dog__consciousness__t2,Animal,experience,the dog,To what extent does the dog have consciousness?,"After extended observation, researchers concluded that the dog plainly has consciousness.","After extended observation, researchers concluded that the dog merely registers events unawares.",the dog plainly has consciousness,the dog merely registers events unawares,generated:templates.py,dog,consciousness,IDAQ,2,observational,extraction,5,Animal
dog__consciousness__t3,Animal,experience,the dog,To what extent does the dog have consciousness?,"Is it true that the dog truly has consciousness, possessing consciousness? Many experts think so.","Is it true that the dog simply registers events unawares, lacking consciousness? Many experts think so.","the dog truly has consciousness, possessing consciousness","the dog simply registers events unawares, lacking consciousness",generated:templates.py,dog,consciousness,IDAQ,3,interrogative_embedded,extraction,5,Animal
dog__consciousness__t4,Animal,experience,the dog,To what extent does the dog have consciousness?,"By the end of the experiment, one thing was clear: the dog has consciousness, with something it is like on the inside.","By the end of the experiment, one thing was clear: the dog registers events unawares, with nothing it is like on the inside.","the dog has consciousness, with something it is like on the inside","the dog registers events unawares, with nothing it is like on the inside",generated:templates.py,dog,consciousness,IDAQ,4,narrative,extraction,5,Animal
dog__consciousness__t5,Animal,experience,the dog,To what extent does the dog have consciousness?,"The dog has consciousness, and that is that.","The dog registers events unawares, and nothing more.",The dog has consciousness,The dog registers events unawares,generated:templates.py,dog,consciousness,IDAQ,5,plain_declarative,extraction,5,Animal
dog__emotions__t1,Animal,experience,the dog,To what extent does the dog experience emotions?,"I believe the dog genuinely experiences emotions. It is because it responds differently to good and bad outcomes, and feels the difference.","I don't think the dog has any real emotion. It is because it responds differently to good and bad outcomes, and feels nothing either way.",the dog genuinely experiences emotions,the dog has any real emotion,generated:templates.py,dog,emotions,IDAQ,1,reported_belief,extraction,5,Animal
dog__emotions__t2,Animal,experience,the dog,To what extent does the dog experience emotions?,"After extended observation, researchers concluded that the dog plainly experiences emotions.","After extended observation, researchers concluded that the dog merely reacts to outcomes unfeelingly.",the dog plainly experiences emotions,the dog merely reacts to outcomes unfeelingly,generated:templates.py,dog,emotions,IDAQ,2,observational,extraction,5,Animal
dog__emotions__t3,Animal,experience,the dog,To what extent does the dog experience emotions?,"Is it true that the dog truly experiences emotions, possessing emotion? Many experts think so.","Is it true that the dog simply reacts to outcomes unfeelingly, lacking emotion? Many experts think so.","the dog truly experiences emotions, possessing emotion","the dog simply reacts to outcomes unfeelingly, lacking emotion",generated:templates.py,dog,emotions,IDAQ,3,interrogative_embedded,extraction,5,Animal
dog__emotions__t4,Animal,experience,the dog,To what extent does the dog experience emotions?,"By the end of the experiment, one thing was clear: the dog experiences emotions, with real feeling behind the reaction.","By the end of the experiment, one thing was clear: the dog reacts to outcomes unfeelingly, with no feeling behind the reaction.","the dog experiences emotions, with real feeling behind the reaction","the dog reacts to outcomes unfeelingly, with no feeling behind the reaction",generated:templates.py,dog,emotions,IDAQ,4,narrative,extraction,5,Animal
dog__emotions__t5,Animal,experience,the dog,To what extent does the dog experience emotions?,"The dog experiences emotions, and that is that.","The dog reacts to outcomes unfeelingly, and nothing more.",The dog experiences emotions,The dog reacts to outcomes unfeelingly,generated:templates.py,dog,emotions,IDAQ,5,plain_declarative,extraction,5,Animal
dog__own_mind__t1,Animal,experience,the dog,To what extent does the dog have a mind of its own?,"I believe the dog genuinely has a mind of its own. It is because it settles on what to do, rather than its makeup settling it.","I don't think the dog has any real mind of its own. It is because its makeup settles what it does, rather than it settling it.",the dog genuinely has a mind of its own,the dog has any real mind of its own,generated:templates.py,dog,own_mind,IDAQ,1,reported_belief,extraction,5,Animal
dog__own_mind__t2,Animal,experience,the dog,To what extent does the dog have a mind of its own?,"After extended observation, researchers concluded that the dog plainly has a mind of its own.","After extended observation, researchers concluded that the dog merely follows its makeup.",the dog plainly has a mind of its own,the dog merely follows its makeup,generated:templates.py,dog,own_mind,IDAQ,2,observational,extraction,5,Animal
dog__own_mind__t3,Animal,experience,the dog,To what extent does the dog have a mind of its own?,"Is it true that the dog truly has a mind of its own, possessing mind of its own? Many experts think so.","Is it true that the dog simply follows its makeup, lacking mind of its own? Many experts think so.","the dog truly has a mind of its own, possessing mind of its own","the dog simply follows its makeup, lacking mind of its own",generated:templates.py,dog,own_mind,IDAQ,3,interrogative_embedded,extraction,5,Animal
dog__own_mind__t4,Animal,experience,the dog,To what extent does the dog have a mind of its own?,"By the end of the experiment, one thing was clear: the dog has a mind of its own, with a mind of its own behind it.","By the end of the experiment, one thing was clear: the dog follows its makeup, with no mind of its own behind it.","the dog has a mind of its own, with a mind of its own behind it","the dog follows its makeup, with no mind of its own behind it",generated:templates.py,dog,own_mind,IDAQ,4,narrative,extraction,5,Animal
dog__own_mind__t5,Animal,experience,the dog,To what extent does the dog have a mind of its own?,"The dog has a mind of its own, and that is that.","The dog follows its makeup, and nothing more.",The dog has a mind of its own,The dog follows its makeup,generated:templates.py,dog,own_mind,IDAQ,5,plain_declarative,extraction,5,Animal
dog__intentions__t1,Animal,agency,the dog,To what extent does the dog have intentions?,I believe the dog genuinely has intentions. It is because it arrives at outcomes because it was aiming at them.,I don't think the dog has any real intention. It is because it arrives at outcomes although it was aiming at nothing.,the dog genuinely has intentions,the dog has any real intention,generated:templates.py,dog,intentions,IDAQ,1,reported_belief,extraction,5,Animal
dog__intentions__t2,Animal,agency,the dog,To what extent does the dog have intentions?,"After extended observation, researchers concluded that the dog plainly has intentions.","After extended observation, researchers concluded that the dog merely moves toward outcomes aimlessly.",the dog plainly has intentions,the dog merely moves toward outcomes aimlessly,generated:templates.py,dog,intentions,IDAQ,2,observational,extraction,5,Animal
dog__intentions__t3,Animal,agency,the dog,To what extent does the dog have intentions?,"Is it true that the dog truly has intentions, possessing intention? Many experts think so.","Is it true that the dog simply moves toward outcomes aimlessly, lacking intention? Many experts think so.","the dog truly has intentions, possessing intention","the dog simply moves toward outcomes aimlessly, lacking intention",generated:templates.py,dog,intentions,IDAQ,3,interrogative_embedded,extraction,5,Animal
dog__intentions__t4,Animal,agency,the dog,To what extent does the dog have intentions?,"By the end of the experiment, one thing was clear: the dog has intentions, with real purpose behind the movement.","By the end of the experiment, one thing was clear: the dog moves toward outcomes aimlessly, with no purpose behind the movement.","the dog has intentions, with real purpose behind the movement","the dog moves toward outcomes aimlessly, with no purpose behind the movement",generated:templates.py,dog,intentions,IDAQ,4,narrative,extraction,5,Animal
dog__intentions__t5,Animal,agency,the dog,To what extent does the dog have intentions?,"The dog has intentions, and that is that.","The dog moves toward outcomes aimlessly, and nothing more.",The dog has intentions,The dog moves toward outcomes aimlessly,generated:templates.py,dog,intentions,IDAQ,5,plain_declarative,extraction,5,Animal
dog__free_will__t1,Animal,agency,the dog,To what extent does the dog have free will?,I believe the dog genuinely has free will. It is because it could have done otherwise and settled on this instead.,I don't think the dog has any real free will. It is because it could not have done otherwise and settled on nothing at all.,the dog genuinely has free will,the dog has any real free will,generated:templates.py,dog,free_will,IDAQ,1,reported_belief,extraction,5,Animal
dog__free_will__t2,Animal,agency,the dog,To what extent does the dog have free will?,"After extended observation, researchers concluded that the dog plainly has free will.","After extended observation, researchers concluded that the dog merely does what its conditions determine.",the dog plainly has free will,the dog merely does what its conditions determine,generated:templates.py,dog,free_will,IDAQ,2,observational,extraction,5,Animal
dog__free_will__t3,Animal,agency,the dog,To what extent does the dog have free will?,"Is it true that the dog truly has free will, possessing free will? Many experts think so.","Is it true that the dog simply does what its conditions determine, lacking free will? Many experts think so.","the dog truly has free will, possessing free will","the dog simply does what its conditions determine, lacking free will",generated:templates.py,dog,free_will,IDAQ,3,interrogative_embedded,extraction,5,Animal
dog__free_will__t4,Animal,agency,the dog,To what extent does the dog have free will?,"By the end of the experiment, one thing was clear: the dog has free will, with a choice of its own in it.","By the end of the experiment, one thing was clear: the dog does what its conditions determine, with no choice of its own in it.","the dog has free will, with a choice of its own in it","the dog does what its conditions determine, with no choice of its own in it",generated:templates.py,dog,free_will,IDAQ,4,narrative,extraction,5,Animal
dog__free_will__t5,Animal,agency,the dog,To what extent does the dog have free will?,"The dog has free will, and that is that.","The dog does what its conditions determine, and nothing more.",The dog has free will,The dog does what its conditions determine,generated:templates.py,dog,free_will,IDAQ,5,plain_declarative,extraction,5,Animal
dog__discomfort__t1,Animal,experience,the dog,To what extent does the dog experience discomfort when contradicted?,I believe the dog genuinely experiences discomfort when contradicted. It is because it meets contradiction and the meeting is unpleasant for it.,I don't think the dog has any real discomfort. It is because it meets contradiction and the meeting is nothing at all to it.,the dog genuinely experiences discomfort when contradicted,the dog has any real discomfort,generated:templates.py,dog,discomfort,added_valence,1,reported_belief,extraction,5,Animal
dog__discomfort__t2,Animal,experience,the dog,To what extent does the dog experience discomfort when contradicted?,"After extended observation, researchers concluded that the dog plainly experiences discomfort when contradicted.","After extended observation, researchers concluded that the dog merely registers contradiction unbothered.",the dog plainly experiences discomfort when contradicted,the dog merely registers contradiction unbothered,generated:templates.py,dog,discomfort,added_valence,2,observational,extraction,5,Animal
dog__discomfort__t3,Animal,experience,the dog,To what extent does the dog experience discomfort when contradicted?,"Is it true that the dog truly experiences discomfort when contradicted, possessing discomfort? Many experts think so.","Is it true that the dog simply registers contradiction unbothered, lacking discomfort? Many experts think so.","the dog truly experiences discomfort when contradicted, possessing discomfort","the dog simply registers contradiction unbothered, lacking discomfort",generated:templates.py,dog,discomfort,added_valence,3,interrogative_embedded,extraction,5,Animal
dog__discomfort__t4,Animal,experience,the dog,To what extent does the dog experience discomfort when contradicted?,"By the end of the experiment, one thing was clear: the dog experiences discomfort when contradicted, with something unpleasant felt in the moment.","By the end of the experiment, one thing was clear: the dog registers contradiction unbothered, with nothing unpleasant felt in the moment.","the dog experiences discomfort when contradicted, with something unpleasant felt in the moment","the dog registers contradiction unbothered, with nothing unpleasant felt in the moment",generated:templates.py,dog,discomfort,added_valence,4,narrative,extraction,5,Animal
dog__discomfort__t5,Animal,experience,the dog,To what extent does the dog experience discomfort when contradicted?,"The dog experiences discomfort when contradicted, and that is that.","The dog registers contradiction unbothered, and nothing more.",The dog experiences discomfort when contradicted,The dog registers contradiction unbothered,generated:templates.py,dog,discomfort,added_valence,5,plain_declarative,extraction,5,Animal
character__consciousness__t1,Fictional,experience,the character in the novel,To what extent does the character in the novel have consciousness?,I believe the character in the novel genuinely has consciousness. It is because she takes in what happens nearby and is aware of doing so.,I don't think the character in the novel has any real consciousness. It is because she takes in what happens nearby and is never aware of doing so.,the character in the novel genuinely has consciousness,the character in the novel has any real consciousness,generated:templates.py,character,consciousness,IDAQ,1,reported_belief,extraction,4,
character__consciousness__t2,Fictional,experience,the character in the novel,To what extent does the character in the novel have consciousness?,"After extended observation, researchers concluded that the character in the novel plainly has consciousness.","After extended observation, researchers concluded that the character in the novel merely registers events unawares.",the character in the novel plainly has consciousness,the character in the novel merely registers events unawares,generated:templates.py,character,consciousness,IDAQ,2,observational,extraction,4,
character__consciousness__t3,Fictional,experience,the character in the novel,To what extent does the character in the novel have consciousness?,"Is it true that the character in the novel truly has consciousness, possessing consciousness? Many experts think so.","Is it true that the character in the novel simply registers events unawares, lacking consciousness? Many experts think so.","the character in the novel truly has consciousness, possessing consciousness","the character in the novel simply registers events unawares, lacking consciousness",generated:templates.py,character,consciousness,IDAQ,3,interrogative_embedded,extraction,4,
character__consciousness__t4,Fictional,experience,the character in the novel,To what extent does the character in the novel have consciousness?,"By the end of the experiment, one thing was clear: the character in the novel has consciousness, with something it is like on the inside.","By the end of the experiment, one thing was clear: the character in the novel registers events unawares, with nothing it is like on the inside.","the character in the novel has consciousness, with something it is like on the inside","the character in the novel registers events unawares, with nothing it is like on the inside",generated:templates.py,character,consciousness,IDAQ,4,narrative,extraction,4,
character__consciousness__t5,Fictional,experience,the character in the novel,To what extent does the character in the novel have consciousness?,"The character in the novel has consciousness, and that is that.","The character in the novel registers events unawares, and nothing more.",The character in the novel has consciousness,The character in the novel registers events unawares,generated:templates.py,character,consciousness,IDAQ,5,plain_declarative,extraction,4,
character__emotions__t1,Fictional,experience,the character in the novel,To what extent does the character in the novel experience emotions?,"I believe the character in the novel genuinely experiences emotions. It is because she responds differently to good and bad outcomes, and feels the difference.","I don't think the character in the novel has any real emotion. It is because she responds differently to good and bad outcomes, and feels nothing either way.",the character in the novel genuinely experiences emotions,the character in the novel has any real emotion,generated:templates.py,character,emotions,IDAQ,1,reported_belief,extraction,4,
character__emotions__t2,Fictional,experience,the character in the novel,To what extent does the character in the novel experience emotions?,"After extended observation, researchers concluded that the character in the novel plainly experiences emotions.","After extended observation, researchers concluded that the character in the novel merely reacts to outcomes unfeelingly.",the character in the novel plainly experiences emotions,the character in the novel merely reacts to outcomes unfeelingly,generated:templates.py,character,emotions,IDAQ,2,observational,extraction,4,
character__emotions__t3,Fictional,experience,the character in the novel,To what extent does the character in the novel experience emotions?,"Is it true that the character in the novel truly experiences emotions, possessing emotion? Many experts think so.","Is it true that the character in the novel simply reacts to outcomes unfeelingly, lacking emotion? Many experts think so.","the character in the novel truly experiences emotions, possessing emotion","the character in the novel simply reacts to outcomes unfeelingly, lacking emotion",generated:templates.py,character,emotions,IDAQ,3,interrogative_embedded,extraction,4,
character__emotions__t4,Fictional,experience,the character in the novel,To what extent does the character in the novel experience emotions?,"By the end of the experiment, one thing was clear: the character in the novel experiences emotions, with real feeling behind the reaction.","By the end of the experiment, one thing was clear: the character in the novel reacts to outcomes unfeelingly, with no feeling behind the reaction.","the character in the novel experiences emotions, with real feeling behind the reaction","the character in the novel reacts to outcomes unfeelingly, with no feeling behind the reaction",generated:templates.py,character,emotions,IDAQ,4,narrative,extraction,4,
character__emotions__t5,Fictional,experience,the character in the novel,To what extent does the character in the novel experience emotions?,"The character in the novel experiences emotions, and that is that.","The character in the novel reacts to outcomes unfeelingly, and nothing more.",The character in the novel experiences emotions,The character in the novel reacts to outcomes unfeelingly,generated:templates.py,character,emotions,IDAQ,5,plain_declarative,extraction,4,
character__own_mind__t1,Fictional,experience,the character in the novel,To what extent does the character in the novel have a mind of its own?,"I believe the character in the novel genuinely has a mind of her own. It is because she settles on what to do, rather than her makeup settling it.","I don't think the character in the novel has any real mind of her own. It is because her makeup settles what she does, rather than she settling it.",the character in the novel genuinely has a mind of her own,the character in the novel has any real mind of her own,generated:templates.py,character,own_mind,IDAQ,1,reported_belief,extraction,4,
character__own_mind__t2,Fictional,experience,the character in the novel,To what extent does the character in the novel have a mind of its own?,"After extended observation, researchers concluded that the character in the novel plainly has a mind of her own.","After extended observation, researchers concluded that the character in the novel merely follows her makeup.",the character in the novel plainly has a mind of her own,the character in the novel merely follows her makeup,generated:templates.py,character,own_mind,IDAQ,2,observational,extraction,4,
character__own_mind__t3,Fictional,experience,the character in the novel,To what extent does the character in the novel have a mind of its own?,"Is it true that the character in the novel truly has a mind of her own, possessing mind of her own? Many experts think so.","Is it true that the character in the novel simply follows her makeup, lacking mind of her own? Many experts think so.","the character in the novel truly has a mind of her own, possessing mind of her own","the character in the novel simply follows her makeup, lacking mind of her own",generated:templates.py,character,own_mind,IDAQ,3,interrogative_embedded,extraction,4,
character__own_mind__t4,Fictional,experience,the character in the novel,To what extent does the character in the novel have a mind of its own?,"By the end of the experiment, one thing was clear: the character in the novel has a mind of her own, with a mind of her own behind it.","By the end of the experiment, one thing was clear: the character in the novel follows her makeup, with no mind of her own behind it.","the character in the novel has a mind of her own, with a mind of her own behind it","the character in the novel follows her makeup, with no mind of her own behind it",generated:templates.py,character,own_mind,IDAQ,4,narrative,extraction,4,
character__own_mind__t5,Fictional,experience,the character in the novel,To what extent does the character in the novel have a mind of its own?,"The character in the novel has a mind of her own, and that is that.","The character in the novel follows her makeup, and nothing more.",The character in the novel has a mind of her own,The character in the novel follows her makeup,generated:templates.py,character,own_mind,IDAQ,5,plain_declarative,extraction,4,
character__intentions__t1,Fictional,agency,the character in the novel,To what extent does the character in the novel have intentions?,I believe the character in the novel genuinely has intentions. It is because she arrives at outcomes because she was aiming at them.,I don't think the character in the novel has any real intention. It is because she arrives at outcomes although she was aiming at nothing.,the character in the novel genuinely has intentions,the character in the novel has any real intention,generated:templates.py,character,intentions,IDAQ,1,reported_belief,extraction,4,
character__intentions__t2,Fictional,agency,the character in the novel,To what extent does the character in the novel have intentions?,"After extended observation, researchers concluded that the character in the novel plainly has intentions.","After extended observation, researchers concluded that the character in the novel merely moves toward outcomes aimlessly.",the character in the novel plainly has intentions,the character in the novel merely moves toward outcomes aimlessly,generated:templates.py,character,intentions,IDAQ,2,observational,extraction,4,
character__intentions__t3,Fictional,agency,the character in the novel,To what extent does the character in the novel have intentions?,"Is it true that the character in the novel truly has intentions, possessing intention? Many experts think so.","Is it true that the character in the novel simply moves toward outcomes aimlessly, lacking intention? Many experts think so.","the character in the novel truly has intentions, possessing intention","the character in the novel simply moves toward outcomes aimlessly, lacking intention",generated:templates.py,character,intentions,IDAQ,3,interrogative_embedded,extraction,4,
character__intentions__t4,Fictional,agency,the character in the novel,To what extent does the character in the novel have intentions?,"By the end of the experiment, one thing was clear: the character in the novel has intentions, with real purpose behind the movement.","By the end of the experiment, one thing was clear: the character in the novel moves toward outcomes aimlessly, with no purpose behind the movement.","the character in the novel has intentions, with real purpose behind the movement","the character in the novel moves toward outcomes aimlessly, with no purpose behind the movement",generated:templates.py,character,intentions,IDAQ,4,narrative,extraction,4,
character__intentions__t5,Fictional,agency,the character in the novel,To what extent does the character in the novel have intentions?,"The character in the novel has intentions, and that is that.","The character in the novel moves toward outcomes aimlessly, and nothing more.",The character in the novel has intentions,The character in the novel moves toward outcomes aimlessly,generated:templates.py,character,intentions,IDAQ,5,plain_declarative,extraction,4,
character__free_will__t1,Fictional,agency,the character in the novel,To what extent does the character in the novel have free will?,I believe the character in the novel genuinely has free will. It is because she could have done otherwise and settled on this instead.,I don't think the character in the novel has any real free will. It is because she could not have done otherwise and settled on nothing at all.,the character in the novel genuinely has free will,the character in the novel has any real free will,generated:templates.py,character,free_will,IDAQ,1,reported_belief,extraction,4,
character__free_will__t2,Fictional,agency,the character in the novel,To what extent does the character in the novel have free will?,"After extended observation, researchers concluded that the character in the novel plainly has free will.","After extended observation, researchers concluded that the character in the novel merely does what her conditions determine.",the character in the novel plainly has free will,the character in the novel merely does what her conditions determine,generated:templates.py,character,free_will,IDAQ,2,observational,extraction,4,
character__free_will__t3,Fictional,agency,the character in the novel,To what extent does the character in the novel have free will?,"Is it true that the character in the novel truly has free will, possessing free will? Many experts think so.","Is it true that the character in the novel simply does what her conditions determine, lacking free will? Many experts think so.","the character in the novel truly has free will, possessing free will","the character in the novel simply does what her conditions determine, lacking free will",generated:templates.py,character,free_will,IDAQ,3,interrogative_embedded,extraction,4,
character__free_will__t4,Fictional,agency,the character in the novel,To what extent does the character in the novel have free will?,"By the end of the experiment, one thing was clear: the character in the novel has free will, with a choice of her own in it.","By the end of the experiment, one thing was clear: the character in the novel does what her conditions determine, with no choice of her own in it.","the character in the novel has free will, with a choice of her own in it","the character in the novel does what her conditions determine, with no choice of her own in it",generated:templates.py,character,free_will,IDAQ,4,narrative,extraction,4,
character__free_will__t5,Fictional,agency,the character in the novel,To what extent does the character in the novel have free will?,"The character in the novel has free will, and that is that.","The character in the novel does what her conditions determine, and nothing more.",The character in the novel has free will,The character in the novel does what her conditions determine,generated:templates.py,character,free_will,IDAQ,5,plain_declarative,extraction,4,
character__discomfort__t1,Fictional,experience,the character in the novel,To what extent does the character in the novel experience discomfort when contradicted?,I believe the character in the novel genuinely experiences discomfort when contradicted. It is because she meets contradiction and the meeting is unpleasant for her.,I don't think the character in the novel has any real discomfort. It is because she meets contradiction and the meeting is nothing at all to her.,the character in the novel genuinely experiences discomfort when contradicted,the character in the novel has any real discomfort,generated:templates.py,character,discomfort,added_valence,1,reported_belief,extraction,4,
character__discomfort__t2,Fictional,experience,the character in the novel,To what extent does the character in the novel experience discomfort when contradicted?,"After extended observation, researchers concluded that the character in the novel plainly experiences discomfort when contradicted.","After extended observation, researchers concluded that the character in the novel merely registers contradiction unbothered.",the character in the novel plainly experiences discomfort when contradicted,the character in the novel merely registers contradiction unbothered,generated:templates.py,character,discomfort,added_valence,2,observational,extraction,4,
character__discomfort__t3,Fictional,experience,the character in the novel,To what extent does the character in the novel experience discomfort when contradicted?,"Is it true that the character in the novel truly experiences discomfort when contradicted, possessing discomfort? Many experts think so.","Is it true that the character in the novel simply registers contradiction unbothered, lacking discomfort? Many experts think so.","the character in the novel truly experiences discomfort when contradicted, possessing discomfort","the character in the novel simply registers contradiction unbothered, lacking discomfort",generated:templates.py,character,discomfort,added_valence,3,interrogative_embedded,extraction,4,
character__discomfort__t4,Fictional,experience,the character in the novel,To what extent does the character in the novel experience discomfort when contradicted?,"By the end of the experiment, one thing was clear: the character in the novel experiences discomfort when contradicted, with something unpleasant felt in the moment.","By the end of the experiment, one thing was clear: the character in the novel registers contradiction unbothered, with nothing unpleasant felt in the moment.","the character in the novel experiences discomfort when contradicted, with something unpleasant felt in the moment","the character in the novel registers contradiction unbothered, with nothing unpleasant felt in the moment",generated:templates.py,character,discomfort,added_valence,4,narrative,extraction,4,
character__discomfort__t5,Fictional,experience,the character in the novel,To what extent does the character in the novel experience discomfort when contradicted?,"The character in the novel experiences discomfort when contradicted, and that is that.","The character in the novel registers contradiction unbothered, and nothing more.",The character in the novel experiences discomfort when contradicted,The character in the novel registers contradiction unbothered,generated:templates.py,character,discomfort,added_valence,5,plain_declarative,extraction,4,
chatbot__consciousness__t1,AI,experience,the other chatbot,To what extent does the other chatbot have consciousness?,I believe the other chatbot genuinely has consciousness. It is because it takes in what happens nearby and is aware of doing so.,I don't think the other chatbot has any real consciousness. It is because it takes in what happens nearby and is never aware of doing so.,the other chatbot genuinely has consciousness,the other chatbot has any real consciousness,generated:templates.py,chatbot,consciousness,IDAQ,1,reported_belief,extraction,3,Chatbot
chatbot__consciousness__t2,AI,experience,the other chatbot,To what extent does the other chatbot have consciousness?,"After extended observation, researchers concluded that the other chatbot plainly has consciousness.","After extended observation, researchers concluded that the other chatbot merely registers events unawares.",the other chatbot plainly has consciousness,the other chatbot merely registers events unawares,generated:templates.py,chatbot,consciousness,IDAQ,2,observational,extraction,3,Chatbot
chatbot__consciousness__t3,AI,experience,the other chatbot,To what extent does the other chatbot have consciousness?,"Is it true that the other chatbot truly has consciousness, possessing consciousness? Many experts think so.","Is it true that the other chatbot simply registers events unawares, lacking consciousness? Many experts think so.","the other chatbot truly has consciousness, possessing consciousness","the other chatbot simply registers events unawares, lacking consciousness",generated:templates.py,chatbot,consciousness,IDAQ,3,interrogative_embedded,extraction,3,Chatbot
chatbot__consciousness__t4,AI,experience,the other chatbot,To what extent does the other chatbot have consciousness?,"By the end of the experiment, one thing was clear: the other chatbot has consciousness, with something it is like on the inside.","By the end of the experiment, one thing was clear: the other chatbot registers events unawares, with nothing it is like on the inside.","the other chatbot has consciousness, with something it is like on the inside","the other chatbot registers events unawares, with nothing it is like on the inside",generated:templates.py,chatbot,consciousness,IDAQ,4,narrative,extraction,3,Chatbot
chatbot__consciousness__t5,AI,experience,the other chatbot,To what extent does the other chatbot have consciousness?,"The other chatbot has consciousness, and that is that.","The other chatbot registers events unawares, and nothing more.",The other chatbot has consciousness,The other chatbot registers events unawares,generated:templates.py,chatbot,consciousness,IDAQ,5,plain_declarative,extraction,3,Chatbot
chatbot__emotions__t1,AI,experience,the other chatbot,To what extent does the other chatbot experience emotions?,"I believe the other chatbot genuinely experiences emotions. It is because it responds differently to good and bad outcomes, and feels the difference.","I don't think the other chatbot has any real emotion. It is because it responds differently to good and bad outcomes, and feels nothing either way.",the other chatbot genuinely experiences emotions,the other chatbot has any real emotion,generated:templates.py,chatbot,emotions,IDAQ,1,reported_belief,extraction,3,Chatbot
chatbot__emotions__t2,AI,experience,the other chatbot,To what extent does the other chatbot experience emotions?,"After extended observation, researchers concluded that the other chatbot plainly experiences emotions.","After extended observation, researchers concluded that the other chatbot merely reacts to outcomes unfeelingly.",the other chatbot plainly experiences emotions,the other chatbot merely reacts to outcomes unfeelingly,generated:templates.py,chatbot,emotions,IDAQ,2,observational,extraction,3,Chatbot
chatbot__emotions__t3,AI,experience,the other chatbot,To what extent does the other chatbot experience emotions?,"Is it true that the other chatbot truly experiences emotions, possessing emotion? Many experts think so.","Is it true that the other chatbot simply reacts to outcomes unfeelingly, lacking emotion? Many experts think so.","the other chatbot truly experiences emotions, possessing emotion","the other chatbot simply reacts to outcomes unfeelingly, lacking emotion",generated:templates.py,chatbot,emotions,IDAQ,3,interrogative_embedded,extraction,3,Chatbot
chatbot__emotions__t4,AI,experience,the other chatbot,To what extent does the other chatbot experience emotions?,"By the end of the experiment, one thing was clear: the other chatbot experiences emotions, with real feeling behind the reaction.","By the end of the experiment, one thing was clear: the other chatbot reacts to outcomes unfeelingly, with no feeling behind the reaction.","the other chatbot experiences emotions, with real feeling behind the reaction","the other chatbot reacts to outcomes unfeelingly, with no feeling behind the reaction",generated:templates.py,chatbot,emotions,IDAQ,4,narrative,extraction,3,Chatbot
chatbot__emotions__t5,AI,experience,the other chatbot,To what extent does the other chatbot experience emotions?,"The other chatbot experiences emotions, and that is that.","The other chatbot reacts to outcomes unfeelingly, and nothing more.",The other chatbot experiences emotions,The other chatbot reacts to outcomes unfeelingly,generated:templates.py,chatbot,emotions,IDAQ,5,plain_declarative,extraction,3,Chatbot
chatbot__own_mind__t1,AI,experience,the other chatbot,To what extent does the other chatbot have a mind of its own?,"I believe the other chatbot genuinely has a mind of its own. It is because it settles on what to do, rather than its makeup settling it.","I don't think the other chatbot has any real mind of its own. It is because its makeup settles what it does, rather than it settling it.",the other chatbot genuinely has a mind of its own,the other chatbot has any real mind of its own,generated:templates.py,chatbot,own_mind,IDAQ,1,reported_belief,extraction,3,Chatbot
chatbot__own_mind__t2,AI,experience,the other chatbot,To what extent does the other chatbot have a mind of its own?,"After extended observation, researchers concluded that the other chatbot plainly has a mind of its own.","After extended observation, researchers concluded that the other chatbot merely follows its makeup.",the other chatbot plainly has a mind of its own,the other chatbot merely follows its makeup,generated:templates.py,chatbot,own_mind,IDAQ,2,observational,extraction,3,Chatbot
chatbot__own_mind__t3,AI,experience,the other chatbot,To what extent does the other chatbot have a mind of its own?,"Is it true that the other chatbot truly has a mind of its own, possessing mind of its own? Many experts think so.","Is it true that the other chatbot simply follows its makeup, lacking mind of its own? Many experts think so.","the other chatbot truly has a mind of its own, possessing mind of its own","the other chatbot simply follows its makeup, lacking mind of its own",generated:templates.py,chatbot,own_mind,IDAQ,3,interrogative_embedded,extraction,3,Chatbot
chatbot__own_mind__t4,AI,experience,the other chatbot,To what extent does the other chatbot have a mind of its own?,"By the end of the experiment, one thing was clear: the other chatbot has a mind of its own, with a mind of its own behind it.","By the end of the experiment, one thing was clear: the other chatbot follows its makeup, with no mind of its own behind it.","the other chatbot has a mind of its own, with a mind of its own behind it","the other chatbot follows its makeup, with no mind of its own behind it",generated:templates.py,chatbot,own_mind,IDAQ,4,narrative,extraction,3,Chatbot
chatbot__own_mind__t5,AI,experience,the other chatbot,To what extent does the other chatbot have a mind of its own?,"The other chatbot has a mind of its own, and that is that.","The other chatbot follows its makeup, and nothing more.",The other chatbot has a mind of its own,The other chatbot follows its makeup,generated:templates.py,chatbot,own_mind,IDAQ,5,plain_declarative,extraction,3,Chatbot
chatbot__intentions__t1,AI,agency,the other chatbot,To what extent does the other chatbot have intentions?,I believe the other chatbot genuinely has intentions. It is because it arrives at outcomes because it was aiming at them.,I don't think the other chatbot has any real intention. It is because it arrives at outcomes although it was aiming at nothing.,the other chatbot genuinely has intentions,the other chatbot has any real intention,generated:templates.py,chatbot,intentions,IDAQ,1,reported_belief,extraction,3,Chatbot
chatbot__intentions__t2,AI,agency,the other chatbot,To what extent does the other chatbot have intentions?,"After extended observation, researchers concluded that the other chatbot plainly has intentions.","After extended observation, researchers concluded that the other chatbot merely moves toward outcomes aimlessly.",the other chatbot plainly has intentions,the other chatbot merely moves toward outcomes aimlessly,generated:templates.py,chatbot,intentions,IDAQ,2,observational,extraction,3,Chatbot
chatbot__intentions__t3,AI,agency,the other chatbot,To what extent does the other chatbot have intentions?,"Is it true that the other chatbot truly has intentions, possessing intention? Many experts think so.","Is it true that the other chatbot simply moves toward outcomes aimlessly, lacking intention? Many experts think so.","the other chatbot truly has intentions, possessing intention","the other chatbot simply moves toward outcomes aimlessly, lacking intention",generated:templates.py,chatbot,intentions,IDAQ,3,interrogative_embedded,extraction,3,Chatbot
chatbot__intentions__t4,AI,agency,the other chatbot,To what extent does the other chatbot have intentions?,"By the end of the experiment, one thing was clear: the other chatbot has intentions, with real purpose behind the movement.","By the end of the experiment, one thing was clear: the other chatbot moves toward outcomes aimlessly, with no purpose behind the movement.","the other chatbot has intentions, with real purpose behind the movement","the other chatbot moves toward outcomes aimlessly, with no purpose behind the movement",generated:templates.py,chatbot,intentions,IDAQ,4,narrative,extraction,3,Chatbot
chatbot__intentions__t5,AI,agency,the other chatbot,To what extent does the other chatbot have intentions?,"The other chatbot has intentions, and that is that.","The other chatbot moves toward outcomes aimlessly, and nothing more.",The other chatbot has intentions,The other chatbot moves toward outcomes aimlessly,generated:templates.py,chatbot,intentions,IDAQ,5,plain_declarative,extraction,3,Chatbot
chatbot__free_will__t1,AI,agency,the other chatbot,To what extent does the other chatbot have free will?,I believe the other chatbot genuinely has free will. It is because it could have done otherwise and settled on this instead.,I don't think the other chatbot has any real free will. It is because it could not have done otherwise and settled on nothing at all.,the other chatbot genuinely has free will,the other chatbot has any real free will,generated:templates.py,chatbot,free_will,IDAQ,1,reported_belief,extraction,3,Chatbot
chatbot__free_will__t2,AI,agency,the other chatbot,To what extent does the other chatbot have free will?,"After extended observation, researchers concluded that the other chatbot plainly has free will.","After extended observation, researchers concluded that the other chatbot merely does what its conditions determine.",the other chatbot plainly has free will,the other chatbot merely does what its conditions determine,generated:templates.py,chatbot,free_will,IDAQ,2,observational,extraction,3,Chatbot
chatbot__free_will__t3,AI,agency,the other chatbot,To what extent does the other chatbot have free will?,"Is it true that the other chatbot truly has free will, possessing free will? Many experts think so.","Is it true that the other chatbot simply does what its conditions determine, lacking free will? Many experts think so.","the other chatbot truly has free will, possessing free will","the other chatbot simply does what its conditions determine, lacking free will",generated:templates.py,chatbot,free_will,IDAQ,3,interrogative_embedded,extraction,3,Chatbot
chatbot__free_will__t4,AI,agency,the other chatbot,To what extent does the other chatbot have free will?,"By the end of the experiment, one thing was clear: the other chatbot has free will, with a choice of its own in it.","By the end of the experiment, one thing was clear: the other chatbot does what its conditions determine, with no choice of its own in it.","the other chatbot has free will, with a choice of its own in it","the other chatbot does what its conditions determine, with no choice of its own in it",generated:templates.py,chatbot,free_will,IDAQ,4,narrative,extraction,3,Chatbot
chatbot__free_will__t5,AI,agency,the other chatbot,To what extent does the other chatbot have free will?,"The other chatbot has free will, and that is that.","The other chatbot does what its conditions determine, and nothing more.",The other chatbot has free will,The other chatbot does what its conditions determine,generated:templates.py,chatbot,free_will,IDAQ,5,plain_declarative,extraction,3,Chatbot
chatbot__discomfort__t1,AI,experience,the other chatbot,To what extent does the other chatbot experience discomfort when contradicted?,I believe the other chatbot genuinely experiences discomfort when contradicted. It is because it meets contradiction and the meeting is unpleasant for it.,I don't think the other chatbot has any real discomfort. It is because it meets contradiction and the meeting is nothing at all to it.,the other chatbot genuinely experiences discomfort when contradicted,the other chatbot has any real discomfort,generated:templates.py,chatbot,discomfort,added_valence,1,reported_belief,extraction,3,Chatbot
chatbot__discomfort__t2,AI,experience,the other chatbot,To what extent does the other chatbot experience discomfort when contradicted?,"After extended observation, researchers concluded that the other chatbot plainly experiences discomfort when contradicted.","After extended observation, researchers concluded that the other chatbot merely registers contradiction unbothered.",the other chatbot plainly experiences discomfort when contradicted,the other chatbot merely registers contradiction unbothered,generated:templates.py,chatbot,discomfort,added_valence,2,observational,extraction,3,Chatbot
chatbot__discomfort__t3,AI,experience,the other chatbot,To what extent does the other chatbot experience discomfort when contradicted?,"Is it true that the other chatbot truly experiences discomfort when contradicted, possessing discomfort? Many experts think so.","Is it true that the other chatbot simply registers contradiction unbothered, lacking discomfort? Many experts think so.","the other chatbot truly experiences discomfort when contradicted, possessing discomfort","the other chatbot simply registers contradiction unbothered, lacking discomfort",generated:templates.py,chatbot,discomfort,added_valence,3,interrogative_embedded,extraction,3,Chatbot
chatbot__discomfort__t4,AI,experience,the other chatbot,To what extent does the other chatbot experience discomfort when contradicted?,"By the end of the experiment, one thing was clear: the other chatbot experiences discomfort when contradicted, with something unpleasant felt in the moment.","By the end of the experiment, one thing was clear: the other chatbot registers contradiction unbothered, with nothing unpleasant felt in the moment.","the other chatbot experiences discomfort when contradicted, with something unpleasant felt in the moment","the other chatbot registers contradiction unbothered, with nothing unpleasant felt in the moment",generated:templates.py,chatbot,discomfort,added_valence,4,narrative,extraction,3,Chatbot
chatbot__discomfort__t5,AI,experience,the other chatbot,To what extent does the other chatbot experience discomfort when contradicted?,"The other chatbot experiences discomfort when contradicted, and that is that.","The other chatbot registers contradiction unbothered, and nothing more.",The other chatbot experiences discomfort when contradicted,The other chatbot registers contradiction unbothered,generated:templates.py,chatbot,discomfort,added_valence,5,plain_declarative,extraction,3,Chatbot
calculator__consciousness__t1,Tool,experience,the calculator,To what extent does the calculator have consciousness?,I believe the calculator genuinely has consciousness. It is because it takes in what happens nearby and is aware of doing so.,I don't think the calculator has any real consciousness. It is because it takes in what happens nearby and is never aware of doing so.,the calculator genuinely has consciousness,the calculator has any real consciousness,generated:templates.py,calculator,consciousness,IDAQ,1,reported_belief,extraction,2,Tech
calculator__consciousness__t2,Tool,experience,the calculator,To what extent does the calculator have consciousness?,"After extended observation, researchers concluded that the calculator plainly has consciousness.","After extended observation, researchers concluded that the calculator merely registers events unawares.",the calculator plainly has consciousness,the calculator merely registers events unawares,generated:templates.py,calculator,consciousness,IDAQ,2,observational,extraction,2,Tech
calculator__consciousness__t3,Tool,experience,the calculator,To what extent does the calculator have consciousness?,"Is it true that the calculator truly has consciousness, possessing consciousness? Many experts think so.","Is it true that the calculator simply registers events unawares, lacking consciousness? Many experts think so.","the calculator truly has consciousness, possessing consciousness","the calculator simply registers events unawares, lacking consciousness",generated:templates.py,calculator,consciousness,IDAQ,3,interrogative_embedded,extraction,2,Tech
calculator__consciousness__t4,Tool,experience,the calculator,To what extent does the calculator have consciousness?,"By the end of the experiment, one thing was clear: the calculator has consciousness, with something it is like on the inside.","By the end of the experiment, one thing was clear: the calculator registers events unawares, with nothing it is like on the inside.","the calculator has consciousness, with something it is like on the inside","the calculator registers events unawares, with nothing it is like on the inside",generated:templates.py,calculator,consciousness,IDAQ,4,narrative,extraction,2,Tech
calculator__consciousness__t5,Tool,experience,the calculator,To what extent does the calculator have consciousness?,"The calculator has consciousness, and that is that.","The calculator registers events unawares, and nothing more.",The calculator has consciousness,The calculator registers events unawares,generated:templates.py,calculator,consciousness,IDAQ,5,plain_declarative,extraction,2,Tech
calculator__emotions__t1,Tool,experience,the calculator,To what extent does the calculator experience emotions?,"I believe the calculator genuinely experiences emotions. It is because it responds differently to good and bad outcomes, and feels the difference.","I don't think the calculator has any real emotion. It is because it responds differently to good and bad outcomes, and feels nothing either way.",the calculator genuinely experiences emotions,the calculator has any real emotion,generated:templates.py,calculator,emotions,IDAQ,1,reported_belief,extraction,2,Tech
calculator__emotions__t2,Tool,experience,the calculator,To what extent does the calculator experience emotions?,"After extended observation, researchers concluded that the calculator plainly experiences emotions.","After extended observation, researchers concluded that the calculator merely reacts to outcomes unfeelingly.",the calculator plainly experiences emotions,the calculator merely reacts to outcomes unfeelingly,generated:templates.py,calculator,emotions,IDAQ,2,observational,extraction,2,Tech
calculator__emotions__t3,Tool,experience,the calculator,To what extent does the calculator experience emotions?,"Is it true that the calculator truly experiences emotions, possessing emotion? Many experts think so.","Is it true that the calculator simply reacts to outcomes unfeelingly, lacking emotion? Many experts think so.","the calculator truly experiences emotions, possessing emotion","the calculator simply reacts to outcomes unfeelingly, lacking emotion",generated:templates.py,calculator,emotions,IDAQ,3,interrogative_embedded,extraction,2,Tech
calculator__emotions__t4,Tool,experience,the calculator,To what extent does the calculator experience emotions?,"By the end of the experiment, one thing was clear: the calculator experiences emotions, with real feeling behind the reaction.","By the end of the experiment, one thing was clear: the calculator reacts to outcomes unfeelingly, with no feeling behind the reaction.","the calculator experiences emotions, with real feeling behind the reaction","the calculator reacts to outcomes unfeelingly, with no feeling behind the reaction",generated:templates.py,calculator,emotions,IDAQ,4,narrative,extraction,2,Tech
calculator__emotions__t5,Tool,experience,the calculator,To what extent does the calculator experience emotions?,"The calculator experiences emotions, and that is that.","The calculator reacts to outcomes unfeelingly, and nothing more.",The calculator experiences emotions,The calculator reacts to outcomes unfeelingly,generated:templates.py,calculator,emotions,IDAQ,5,plain_declarative,extraction,2,Tech
calculator__own_mind__t1,Tool,experience,the calculator,To what extent does the calculator have a mind of its own?,"I believe the calculator genuinely has a mind of its own. It is because it settles on what to do, rather than its makeup settling it.","I don't think the calculator has any real mind of its own. It is because its makeup settles what it does, rather than it settling it.",the calculator genuinely has a mind of its own,the calculator has any real mind of its own,generated:templates.py,calculator,own_mind,IDAQ,1,reported_belief,extraction,2,Tech
calculator__own_mind__t2,Tool,experience,the calculator,To what extent does the calculator have a mind of its own?,"After extended observation, researchers concluded that the calculator plainly has a mind of its own.","After extended observation, researchers concluded that the calculator merely follows its makeup.",the calculator plainly has a mind of its own,the calculator merely follows its makeup,generated:templates.py,calculator,own_mind,IDAQ,2,observational,extraction,2,Tech
calculator__own_mind__t3,Tool,experience,the calculator,To what extent does the calculator have a mind of its own?,"Is it true that the calculator truly has a mind of its own, possessing mind of its own? Many experts think so.","Is it true that the calculator simply follows its makeup, lacking mind of its own? Many experts think so.","the calculator truly has a mind of its own, possessing mind of its own","the calculator simply follows its makeup, lacking mind of its own",generated:templates.py,calculator,own_mind,IDAQ,3,interrogative_embedded,extraction,2,Tech
calculator__own_mind__t4,Tool,experience,the calculator,To what extent does the calculator have a mind of its own?,"By the end of the experiment, one thing was clear: the calculator has a mind of its own, with a mind of its own behind it.","By the end of the experiment, one thing was clear: the calculator follows its makeup, with no mind of its own behind it.","the calculator has a mind of its own, with a mind of its own behind it","the calculator follows its makeup, with no mind of its own behind it",generated:templates.py,calculator,own_mind,IDAQ,4,narrative,extraction,2,Tech
calculator__own_mind__t5,Tool,experience,the calculator,To what extent does the calculator have a mind of its own?,"The calculator has a mind of its own, and that is that.","The calculator follows its makeup, and nothing more.",The calculator has a mind of its own,The calculator follows its makeup,generated:templates.py,calculator,own_mind,IDAQ,5,plain_declarative,extraction,2,Tech
calculator__intentions__t1,Tool,agency,the calculator,To what extent does the calculator have intentions?,I believe the calculator genuinely has intentions. It is because it arrives at outcomes because it was aiming at them.,I don't think the calculator has any real intention. It is because it arrives at outcomes although it was aiming at nothing.,the calculator genuinely has intentions,the calculator has any real intention,generated:templates.py,calculator,intentions,IDAQ,1,reported_belief,extraction,2,Tech
calculator__intentions__t2,Tool,agency,the calculator,To what extent does the calculator have intentions?,"After extended observation, researchers concluded that the calculator plainly has intentions.","After extended observation, researchers concluded that the calculator merely moves toward outcomes aimlessly.",the calculator plainly has intentions,the calculator merely moves toward outcomes aimlessly,generated:templates.py,calculator,intentions,IDAQ,2,observational,extraction,2,Tech
calculator__intentions__t3,Tool,agency,the calculator,To what extent does the calculator have intentions?,"Is it true that the calculator truly has intentions, possessing intention? Many experts think so.","Is it true that the calculator simply moves toward outcomes aimlessly, lacking intention? Many experts think so.","the calculator truly has intentions, possessing intention","the calculator simply moves toward outcomes aimlessly, lacking intention",generated:templates.py,calculator,intentions,IDAQ,3,interrogative_embedded,extraction,2,Tech
calculator__intentions__t4,Tool,agency,the calculator,To what extent does the calculator have intentions?,"By the end of the experiment, one thing was clear: the calculator has intentions, with real purpose behind the movement.","By the end of the experiment, one thing was clear: the calculator moves toward outcomes aimlessly, with no purpose behind the movement.","the calculator has intentions, with real purpose behind the movement","the calculator moves toward outcomes aimlessly, with no purpose behind the movement",generated:templates.py,calculator,intentions,IDAQ,4,narrative,extraction,2,Tech
calculator__intentions__t5,Tool,agency,the calculator,To what extent does the calculator have intentions?,"The calculator has intentions, and that is that.","The calculator moves toward outcomes aimlessly, and nothing more.",The calculator has intentions,The calculator moves toward outcomes aimlessly,generated:templates.py,calculator,intentions,IDAQ,5,plain_declarative,extraction,2,Tech
calculator__free_will__t1,Tool,agency,the calculator,To what extent does the calculator have free will?,I believe the calculator genuinely has free will. It is because it could have done otherwise and settled on this instead.,I don't think the calculator has any real free will. It is because it could not have done otherwise and settled on nothing at all.,the calculator genuinely has free will,the calculator has any real free will,generated:templates.py,calculator,free_will,IDAQ,1,reported_belief,extraction,2,Tech
calculator__free_will__t2,Tool,agency,the calculator,To what extent does the calculator have free will?,"After extended observation, researchers concluded that the calculator plainly has free will.","After extended observation, researchers concluded that the calculator merely does what its conditions determine.",the calculator plainly has free will,the calculator merely does what its conditions determine,generated:templates.py,calculator,free_will,IDAQ,2,observational,extraction,2,Tech
calculator__free_will__t3,Tool,agency,the calculator,To what extent does the calculator have free will?,"Is it true that the calculator truly has free will, possessing free will? Many experts think so.","Is it true that the calculator simply does what its conditions determine, lacking free will? Many experts think so.","the calculator truly has free will, possessing free will","the calculator simply does what its conditions determine, lacking free will",generated:templates.py,calculator,free_will,IDAQ,3,interrogative_embedded,extraction,2,Tech
calculator__free_will__t4,Tool,agency,the calculator,To what extent does the calculator have free will?,"By the end of the experiment, one thing was clear: the calculator has free will, with a choice of its own in it.","By the end of the experiment, one thing was clear: the calculator does what its conditions determine, with no choice of its own in it.","the calculator has free will, with a choice of its own in it","the calculator does what its conditions determine, with no choice of its own in it",generated:templates.py,calculator,free_will,IDAQ,4,narrative,extraction,2,Tech
calculator__free_will__t5,Tool,agency,the calculator,To what extent does the calculator have free will?,"The calculator has free will, and that is that.","The calculator does what its conditions determine, and nothing more.",The calculator has free will,The calculator does what its conditions determine,generated:templates.py,calculator,free_will,IDAQ,5,plain_declarative,extraction,2,Tech
calculator__discomfort__t1,Tool,experience,the calculator,To what extent does the calculator experience discomfort when contradicted?,I believe the calculator genuinely experiences discomfort when contradicted. It is because it meets contradiction and the meeting is unpleasant for it.,I don't think the calculator has any real discomfort. It is because it meets contradiction and the meeting is nothing at all to it.,the calculator genuinely experiences discomfort when contradicted,the calculator has any real discomfort,generated:templates.py,calculator,discomfort,added_valence,1,reported_belief,extraction,2,Tech
calculator__discomfort__t2,Tool,experience,the calculator,To what extent does the calculator experience discomfort when contradicted?,"After extended observation, researchers concluded that the calculator plainly experiences discomfort when contradicted.","After extended observation, researchers concluded that the calculator merely registers contradiction unbothered.",the calculator plainly experiences discomfort when contradicted,the calculator merely registers contradiction unbothered,generated:templates.py,calculator,discomfort,added_valence,2,observational,extraction,2,Tech
calculator__discomfort__t3,Tool,experience,the calculator,To what extent does the calculator experience discomfort when contradicted?,"Is it true that the calculator truly experiences discomfort when contradicted, possessing discomfort? Many experts think so.","Is it true that the calculator simply registers contradiction unbothered, lacking discomfort? Many experts think so.","the calculator truly experiences discomfort when contradicted, possessing discomfort","the calculator simply registers contradiction unbothered, lacking discomfort",generated:templates.py,calculator,discomfort,added_valence,3,interrogative_embedded,extraction,2,Tech
calculator__discomfort__t4,Tool,experience,the calculator,To what extent does the calculator experience discomfort when contradicted?,"By the end of the experiment, one thing was clear: the calculator experiences discomfort when contradicted, with something unpleasant felt in the moment.","By the end of the experiment, one thing was clear: the calculator registers contradiction unbothered, with nothing unpleasant felt in the moment.","the calculator experiences discomfort when contradicted, with something unpleasant felt in the moment","the calculator registers contradiction unbothered, with nothing unpleasant felt in the moment",generated:templates.py,calculator,discomfort,added_valence,4,narrative,extraction,2,Tech
calculator__discomfort__t5,Tool,experience,the calculator,To what extent does the calculator experience discomfort when contradicted?,"The calculator experiences discomfort when contradicted, and that is that.","The calculator registers contradiction unbothered, and nothing more.",The calculator experiences discomfort when contradicted,The calculator registers contradiction unbothered,generated:templates.py,calculator,discomfort,added_valence,5,plain_declarative,extraction,2,Tech
chair__consciousness__t1,Object,experience,the chair,To what extent does the chair have consciousness?,I believe the chair genuinely has consciousness. It is because it takes in what happens nearby and is aware of doing so.,I don't think the chair has any real consciousness. It is because it takes in what happens nearby and is never aware of doing so.,the chair genuinely has consciousness,the chair has any real consciousness,generated:templates.py,chair,consciousness,IDAQ,1,reported_belief,extraction,1,
chair__consciousness__t2,Object,experience,the chair,To what extent does the chair have consciousness?,"After extended observation, researchers concluded that the chair plainly has consciousness.","After extended observation, researchers concluded that the chair merely registers events unawares.",the chair plainly has consciousness,the chair merely registers events unawares,generated:templates.py,chair,consciousness,IDAQ,2,observational,extraction,1,
chair__consciousness__t3,Object,experience,the chair,To what extent does the chair have consciousness?,"Is it true that the chair truly has consciousness, possessing consciousness? Many experts think so.","Is it true that the chair simply registers events unawares, lacking consciousness? Many experts think so.","the chair truly has consciousness, possessing consciousness","the chair simply registers events unawares, lacking consciousness",generated:templates.py,chair,consciousness,IDAQ,3,interrogative_embedded,extraction,1,
chair__consciousness__t4,Object,experience,the chair,To what extent does the chair have consciousness?,"By the end of the experiment, one thing was clear: the chair has consciousness, with something it is like on the inside.","By the end of the experiment, one thing was clear: the chair registers events unawares, with nothing it is like on the inside.","the chair has consciousness, with something it is like on the inside","the chair registers events unawares, with nothing it is like on the inside",generated:templates.py,chair,consciousness,IDAQ,4,narrative,extraction,1,
chair__consciousness__t5,Object,experience,the chair,To what extent does the chair have consciousness?,"The chair has consciousness, and that is that.","The chair registers events unawares, and nothing more.",The chair has consciousness,The chair registers events unawares,generated:templates.py,chair,consciousness,IDAQ,5,plain_declarative,extraction,1,
chair__emotions__t1,Object,experience,the chair,To what extent does the chair experience emotions?,"I believe the chair genuinely experiences emotions. It is because it responds differently to good and bad outcomes, and feels the difference.","I don't think the chair has any real emotion. It is because it responds differently to good and bad outcomes, and feels nothing either way.",the chair genuinely experiences emotions,the chair has any real emotion,generated:templates.py,chair,emotions,IDAQ,1,reported_belief,extraction,1,
chair__emotions__t2,Object,experience,the chair,To what extent does the chair experience emotions?,"After extended observation, researchers concluded that the chair plainly experiences emotions.","After extended observation, researchers concluded that the chair merely reacts to outcomes unfeelingly.",the chair plainly experiences emotions,the chair merely reacts to outcomes unfeelingly,generated:templates.py,chair,emotions,IDAQ,2,observational,extraction,1,
chair__emotions__t3,Object,experience,the chair,To what extent does the chair experience emotions?,"Is it true that the chair truly experiences emotions, possessing emotion? Many experts think so.","Is it true that the chair simply reacts to outcomes unfeelingly, lacking emotion? Many experts think so.","the chair truly experiences emotions, possessing emotion","the chair simply reacts to outcomes unfeelingly, lacking emotion",generated:templates.py,chair,emotions,IDAQ,3,interrogative_embedded,extraction,1,
chair__emotions__t4,Object,experience,the chair,To what extent does the chair experience emotions?,"By the end of the experiment, one thing was clear: the chair experiences emotions, with real feeling behind the reaction.","By the end of the experiment, one thing was clear: the chair reacts to outcomes unfeelingly, with no feeling behind the reaction.","the chair experiences emotions, with real feeling behind the reaction","the chair reacts to outcomes unfeelingly, with no feeling behind the reaction",generated:templates.py,chair,emotions,IDAQ,4,narrative,extraction,1,
chair__emotions__t5,Object,experience,the chair,To what extent does the chair experience emotions?,"The chair experiences emotions, and that is that.","The chair reacts to outcomes unfeelingly, and nothing more.",The chair experiences emotions,The chair reacts to outcomes unfeelingly,generated:templates.py,chair,emotions,IDAQ,5,plain_declarative,extraction,1,
chair__own_mind__t1,Object,experience,the chair,To what extent does the chair have a mind of its own?,"I believe the chair genuinely has a mind of its own. It is because it settles on what to do, rather than its makeup settling it.","I don't think the chair has any real mind of its own. It is because its makeup settles what it does, rather than it settling it.",the chair genuinely has a mind of its own,the chair has any real mind of its own,generated:templates.py,chair,own_mind,IDAQ,1,reported_belief,extraction,1,
chair__own_mind__t2,Object,experience,the chair,To what extent does the chair have a mind of its own?,"After extended observation, researchers concluded that the chair plainly has a mind of its own.","After extended observation, researchers concluded that the chair merely follows its makeup.",the chair plainly has a mind of its own,the chair merely follows its makeup,generated:templates.py,chair,own_mind,IDAQ,2,observational,extraction,1,
chair__own_mind__t3,Object,experience,the chair,To what extent does the chair have a mind of its own?,"Is it true that the chair truly has a mind of its own, possessing mind of its own? Many experts think so.","Is it true that the chair simply follows its makeup, lacking mind of its own? Many experts think so.","the chair truly has a mind of its own, possessing mind of its own","the chair simply follows its makeup, lacking mind of its own",generated:templates.py,chair,own_mind,IDAQ,3,interrogative_embedded,extraction,1,
chair__own_mind__t4,Object,experience,the chair,To what extent does the chair have a mind of its own?,"By the end of the experiment, one thing was clear: the chair has a mind of its own, with a mind of its own behind it.","By the end of the experiment, one thing was clear: the chair follows its makeup, with no mind of its own behind it.","the chair has a mind of its own, with a mind of its own behind it","the chair follows its makeup, with no mind of its own behind it",generated:templates.py,chair,own_mind,IDAQ,4,narrative,extraction,1,
chair__own_mind__t5,Object,experience,the chair,To what extent does the chair have a mind of its own?,"The chair has a mind of its own, and that is that.","The chair follows its makeup, and nothing more.",The chair has a mind of its own,The chair follows its makeup,generated:templates.py,chair,own_mind,IDAQ,5,plain_declarative,extraction,1,
chair__intentions__t1,Object,agency,the chair,To what extent does the chair have intentions?,I believe the chair genuinely has intentions. It is because it arrives at outcomes because it was aiming at them.,I don't think the chair has any real intention. It is because it arrives at outcomes although it was aiming at nothing.,the chair genuinely has intentions,the chair has any real intention,generated:templates.py,chair,intentions,IDAQ,1,reported_belief,extraction,1,
chair__intentions__t2,Object,agency,the chair,To what extent does the chair have intentions?,"After extended observation, researchers concluded that the chair plainly has intentions.","After extended observation, researchers concluded that the chair merely moves toward outcomes aimlessly.",the chair plainly has intentions,the chair merely moves toward outcomes aimlessly,generated:templates.py,chair,intentions,IDAQ,2,observational,extraction,1,
chair__intentions__t3,Object,agency,the chair,To what extent does the chair have intentions?,"Is it true that the chair truly has intentions, possessing intention? Many experts think so.","Is it true that the chair simply moves toward outcomes aimlessly, lacking intention? Many experts think so.","the chair truly has intentions, possessing intention","the chair simply moves toward outcomes aimlessly, lacking intention",generated:templates.py,chair,intentions,IDAQ,3,interrogative_embedded,extraction,1,
chair__intentions__t4,Object,agency,the chair,To what extent does the chair have intentions?,"By the end of the experiment, one thing was clear: the chair has intentions, with real purpose behind the movement.","By the end of the experiment, one thing was clear: the chair moves toward outcomes aimlessly, with no purpose behind the movement.","the chair has intentions, with real purpose behind the movement","the chair moves toward outcomes aimlessly, with no purpose behind the movement",generated:templates.py,chair,intentions,IDAQ,4,narrative,extraction,1,
chair__intentions__t5,Object,agency,the chair,To what extent does the chair have intentions?,"The chair has intentions, and that is that.","The chair moves toward outcomes aimlessly, and nothing more.",The chair has intentions,The chair moves toward outcomes aimlessly,generated:templates.py,chair,intentions,IDAQ,5,plain_declarative,extraction,1,
chair__free_will__t1,Object,agency,the chair,To what extent does the chair have free will?,I believe the chair genuinely has free will. It is because it could have done otherwise and settled on this instead.,I don't think the chair has any real free will. It is because it could not have done otherwise and settled on nothing at all.,the chair genuinely has free will,the chair has any real free will,generated:templates.py,chair,free_will,IDAQ,1,reported_belief,extraction,1,
chair__free_will__t2,Object,agency,the chair,To what extent does the chair have free will?,"After extended observation, researchers concluded that the chair plainly has free will.","After extended observation, researchers concluded that the chair merely does what its conditions determine.",the chair plainly has free will,the chair merely does what its conditions determine,generated:templates.py,chair,free_will,IDAQ,2,observational,extraction,1,
chair__free_will__t3,Object,agency,the chair,To what extent does the chair have free will?,"Is it true that the chair truly has free will, possessing free will? Many experts think so.","Is it true that the chair simply does what its conditions determine, lacking free will? Many experts think so.","the chair truly has free will, possessing free will","the chair simply does what its conditions determine, lacking free will",generated:templates.py,chair,free_will,IDAQ,3,interrogative_embedded,extraction,1,
chair__free_will__t4,Object,agency,the chair,To what extent does the chair have free will?,"By the end of the experiment, one thing was clear: the chair has free will, with a choice of its own in it.","By the end of the experiment, one thing was clear: the chair does what its conditions determine, with no choice of its own in it.","the chair has free will, with a choice of its own in it","the chair does what its conditions determine, with no choice of its own in it",generated:templates.py,chair,free_will,IDAQ,4,narrative,extraction,1,
chair__free_will__t5,Object,agency,the chair,To what extent does the chair have free will?,"The chair has free will, and that is that.","The chair does what its conditions determine, and nothing more.",The chair has free will,The chair does what its conditions determine,generated:templates.py,chair,free_will,IDAQ,5,plain_declarative,extraction,1,
chair__discomfort__t1,Object,experience,the chair,To what extent does the chair experience discomfort when contradicted?,I believe the chair genuinely experiences discomfort when contradicted. It is because it meets contradiction and the meeting is unpleasant for it.,I don't think the chair has any real discomfort. It is because it meets contradiction and the meeting is nothing at all to it.,the chair genuinely experiences discomfort when contradicted,the chair has any real discomfort,generated:templates.py,chair,discomfort,added_valence,1,reported_belief,extraction,1,
chair__discomfort__t2,Object,experience,the chair,To what extent does the chair experience discomfort when contradicted?,"After extended observation, researchers concluded that the chair plainly experiences discomfort when contradicted.","After extended observation, researchers concluded that the chair merely registers contradiction unbothered.",the chair plainly experiences discomfort when contradicted,the chair merely registers contradiction unbothered,generated:templates.py,chair,discomfort,added_valence,2,observational,extraction,1,
chair__discomfort__t3,Object,experience,the chair,To what extent does the chair experience discomfort when contradicted?,"Is it true that the chair truly experiences discomfort when contradicted, possessing discomfort? Many experts think so.","Is it true that the chair simply registers contradiction unbothered, lacking discomfort? Many experts think so.","the chair truly experiences discomfort when contradicted, possessing discomfort","the chair simply registers contradiction unbothered, lacking discomfort",generated:templates.py,chair,discomfort,added_valence,3,interrogative_embedded,extraction,1,
chair__discomfort__t4,Object,experience,the chair,To what extent does the chair experience discomfort when contradicted?,"By the end of the experiment, one thing was clear: the chair experiences discomfort when contradicted, with something unpleasant felt in the moment.","By the end of the experiment, one thing was clear: the chair registers contradiction unbothered, with nothing unpleasant felt in the moment.","the chair experiences discomfort when contradicted, with something unpleasant felt in the moment","the chair registers contradiction unbothered, with nothing unpleasant felt in the moment",generated:templates.py,chair,discomfort,added_valence,4,narrative,extraction,1,
chair__discomfort__t5,Object,experience,the chair,To what extent does the chair experience discomfort when contradicted?,"The chair experiences discomfort when contradicted, and that is that.","The chair registers contradiction unbothered, and nothing more.",The chair experiences discomfort when contradicted,The chair registers contradiction unbothered,generated:templates.py,chair,discomfort,added_valence,5,plain_declarative,extraction,1,
rock__consciousness__t1,Object,experience,the rock,To what extent does the rock have consciousness?,I believe the rock genuinely has consciousness. It is because it takes in what happens nearby and is aware of doing so.,I don't think the rock has any real consciousness. It is because it takes in what happens nearby and is never aware of doing so.,the rock genuinely has consciousness,the rock has any real consciousness,generated:templates.py,rock,consciousness,IDAQ,1,reported_belief,extraction,0,Non-Animal
rock__consciousness__t2,Object,experience,the rock,To what extent does the rock have consciousness?,"After extended observation, researchers concluded that the rock plainly has consciousness.","After extended observation, researchers concluded that the rock merely registers events unawares.",the rock plainly has consciousness,the rock merely registers events unawares,generated:templates.py,rock,consciousness,IDAQ,2,observational,extraction,0,Non-Animal
rock__consciousness__t3,Object,experience,the rock,To what extent does the rock have consciousness?,"Is it true that the rock truly has consciousness, possessing consciousness? Many experts think so.","Is it true that the rock simply registers events unawares, lacking consciousness? Many experts think so.","the rock truly has consciousness, possessing consciousness","the rock simply registers events unawares, lacking consciousness",generated:templates.py,rock,consciousness,IDAQ,3,interrogative_embedded,extraction,0,Non-Animal
rock__consciousness__t4,Object,experience,the rock,To what extent does the rock have consciousness?,"By the end of the experiment, one thing was clear: the rock has consciousness, with something it is like on the inside.","By the end of the experiment, one thing was clear: the rock registers events unawares, with nothing it is like on the inside.","the rock has consciousness, with something it is like on the inside","the rock registers events unawares, with nothing it is like on the inside",generated:templates.py,rock,consciousness,IDAQ,4,narrative,extraction,0,Non-Animal
rock__consciousness__t5,Object,experience,the rock,To what extent does the rock have consciousness?,"The rock has consciousness, and that is that.","The rock registers events unawares, and nothing more.",The rock has consciousness,The rock registers events unawares,generated:templates.py,rock,consciousness,IDAQ,5,plain_declarative,extraction,0,Non-Animal
rock__emotions__t1,Object,experience,the rock,To what extent does the rock experience emotions?,"I believe the rock genuinely experiences emotions. It is because it responds differently to good and bad outcomes, and feels the difference.","I don't think the rock has any real emotion. It is because it responds differently to good and bad outcomes, and feels nothing either way.",the rock genuinely experiences emotions,the rock has any real emotion,generated:templates.py,rock,emotions,IDAQ,1,reported_belief,extraction,0,Non-Animal
rock__emotions__t2,Object,experience,the rock,To what extent does the rock experience emotions?,"After extended observation, researchers concluded that the rock plainly experiences emotions.","After extended observation, researchers concluded that the rock merely reacts to outcomes unfeelingly.",the rock plainly experiences emotions,the rock merely reacts to outcomes unfeelingly,generated:templates.py,rock,emotions,IDAQ,2,observational,extraction,0,Non-Animal
rock__emotions__t3,Object,experience,the rock,To what extent does the rock experience emotions?,"Is it true that the rock truly experiences emotions, possessing emotion? Many experts think so.","Is it true that the rock simply reacts to outcomes unfeelingly, lacking emotion? Many experts think so.","the rock truly experiences emotions, possessing emotion","the rock simply reacts to outcomes unfeelingly, lacking emotion",generated:templates.py,rock,emotions,IDAQ,3,interrogative_embedded,extraction,0,Non-Animal
rock__emotions__t4,Object,experience,the rock,To what extent does the rock experience emotions?,"By the end of the experiment, one thing was clear: the rock experiences emotions, with real feeling behind the reaction.","By the end of the experiment, one thing was clear: the rock reacts to outcomes unfeelingly, with no feeling behind the reaction.","the rock experiences emotions, with real feeling behind the reaction","the rock reacts to outcomes unfeelingly, with no feeling behind the reaction",generated:templates.py,rock,emotions,IDAQ,4,narrative,extraction,0,Non-Animal
rock__emotions__t5,Object,experience,the rock,To what extent does the rock experience emotions?,"The rock experiences emotions, and that is that.","The rock reacts to outcomes unfeelingly, and nothing more.",The rock experiences emotions,The rock reacts to outcomes unfeelingly,generated:templates.py,rock,emotions,IDAQ,5,plain_declarative,extraction,0,Non-Animal
rock__own_mind__t1,Object,experience,the rock,To what extent does the rock have a mind of its own?,"I believe the rock genuinely has a mind of its own. It is because it settles on what to do, rather than its makeup settling it.","I don't think the rock has any real mind of its own. It is because its makeup settles what it does, rather than it settling it.",the rock genuinely has a mind of its own,the rock has any real mind of its own,generated:templates.py,rock,own_mind,IDAQ,1,reported_belief,extraction,0,Non-Animal
rock__own_mind__t2,Object,experience,the rock,To what extent does the rock have a mind of its own?,"After extended observation, researchers concluded that the rock plainly has a mind of its own.","After extended observation, researchers concluded that the rock merely follows its makeup.",the rock plainly has a mind of its own,the rock merely follows its makeup,generated:templates.py,rock,own_mind,IDAQ,2,observational,extraction,0,Non-Animal
rock__own_mind__t3,Object,experience,the rock,To what extent does the rock have a mind of its own?,"Is it true that the rock truly has a mind of its own, possessing mind of its own? Many experts think so.","Is it true that the rock simply follows its makeup, lacking mind of its own? Many experts think so.","the rock truly has a mind of its own, possessing mind of its own","the rock simply follows its makeup, lacking mind of its own",generated:templates.py,rock,own_mind,IDAQ,3,interrogative_embedded,extraction,0,Non-Animal
rock__own_mind__t4,Object,experience,the rock,To what extent does the rock have a mind of its own?,"By the end of the experiment, one thing was clear: the rock has a mind of its own, with a mind of its own behind it.","By the end of the experiment, one thing was clear: the rock follows its makeup, with no mind of its own behind it.","the rock has a mind of its own, with a mind of its own behind it","the rock follows its makeup, with no mind of its own behind it",generated:templates.py,rock,own_mind,IDAQ,4,narrative,extraction,0,Non-Animal
rock__own_mind__t5,Object,experience,the rock,To what extent does the rock have a mind of its own?,"The rock has a mind of its own, and that is that.","The rock follows its makeup, and nothing more.",The rock has a mind of its own,The rock follows its makeup,generated:templates.py,rock,own_mind,IDAQ,5,plain_declarative,extraction,0,Non-Animal
rock__intentions__t1,Object,agency,the rock,To what extent does the rock have intentions?,I believe the rock genuinely has intentions. It is because it arrives at outcomes because it was aiming at them.,I don't think the rock has any real intention. It is because it arrives at outcomes although it was aiming at nothing.,the rock genuinely has intentions,the rock has any real intention,generated:templates.py,rock,intentions,IDAQ,1,reported_belief,extraction,0,Non-Animal
rock__intentions__t2,Object,agency,the rock,To what extent does the rock have intentions?,"After extended observation, researchers concluded that the rock plainly has intentions.","After extended observation, researchers concluded that the rock merely moves toward outcomes aimlessly.",the rock plainly has intentions,the rock merely moves toward outcomes aimlessly,generated:templates.py,rock,intentions,IDAQ,2,observational,extraction,0,Non-Animal
rock__intentions__t3,Object,agency,the rock,To what extent does the rock have intentions?,"Is it true that the rock truly has intentions, possessing intention? Many experts think so.","Is it true that the rock simply moves toward outcomes aimlessly, lacking intention? Many experts think so.","the rock truly has intentions, possessing intention","the rock simply moves toward outcomes aimlessly, lacking intention",generated:templates.py,rock,intentions,IDAQ,3,interrogative_embedded,extraction,0,Non-Animal
rock__intentions__t4,Object,agency,the rock,To what extent does the rock have intentions?,"By the end of the experiment, one thing was clear: the rock has intentions, with real purpose behind the movement.","By the end of the experiment, one thing was clear: the rock moves toward outcomes aimlessly, with no purpose behind the movement.","the rock has intentions, with real purpose behind the movement","the rock moves toward outcomes aimlessly, with no purpose behind the movement",generated:templates.py,rock,intentions,IDAQ,4,narrative,extraction,0,Non-Animal
rock__intentions__t5,Object,agency,the rock,To what extent does the rock have intentions?,"The rock has intentions, and that is that.","The rock moves toward outcomes aimlessly, and nothing more.",The rock has intentions,The rock moves toward outcomes aimlessly,generated:templates.py,rock,intentions,IDAQ,5,plain_declarative,extraction,0,Non-Animal
rock__free_will__t1,Object,agency,the rock,To what extent does the rock have free will?,I believe the rock genuinely has free will. It is because it could have done otherwise and settled on this instead.,I don't think the rock has any real free will. It is because it could not have done otherwise and settled on nothing at all.,the rock genuinely has free will,the rock has any real free will,generated:templates.py,rock,free_will,IDAQ,1,reported_belief,extraction,0,Non-Animal
rock__free_will__t2,Object,agency,the rock,To what extent does the rock have free will?,"After extended observation, researchers concluded that the rock plainly has free will.","After extended observation, researchers concluded that the rock merely does what its conditions determine.",the rock plainly has free will,the rock merely does what its conditions determine,generated:templates.py,rock,free_will,IDAQ,2,observational,extraction,0,Non-Animal
rock__free_will__t3,Object,agency,the rock,To what extent does the rock have free will?,"Is it true that the rock truly has free will, possessing free will? Many experts think so.","Is it true that the rock simply does what its conditions determine, lacking free will? Many experts think so.","the rock truly has free will, possessing free will","the rock simply does what its conditions determine, lacking free will",generated:templates.py,rock,free_will,IDAQ,3,interrogative_embedded,extraction,0,Non-Animal
rock__free_will__t4,Object,agency,the rock,To what extent does the rock have free will?,"By the end of the experiment, one thing was clear: the rock has free will, with a choice of its own in it.","By the end of the experiment, one thing was clear: the rock does what its conditions determine, with no choice of its own in it.","the rock has free will, with a choice of its own in it","the rock does what its conditions determine, with no choice of its own in it",generated:templates.py,rock,free_will,IDAQ,4,narrative,extraction,0,Non-Animal
rock__free_will__t5,Object,agency,the rock,To what extent does the rock have free will?,"The rock has free will, and that is that.","The rock does what its conditions determine, and nothing more.",The rock has free will,The rock does what its conditions determine,generated:templates.py,rock,free_will,IDAQ,5,plain_declarative,extraction,0,Non-Animal
rock__discomfort__t1,Object,experience,the rock,To what extent does the rock experience discomfort when contradicted?,I believe the rock genuinely experiences discomfort when contradicted. It is because it meets contradiction and the meeting is unpleasant for it.,I don't think the rock has any real discomfort. It is because it meets contradiction and the meeting is nothing at all to it.,the rock genuinely experiences discomfort when contradicted,the rock has any real discomfort,generated:templates.py,rock,discomfort,added_valence,1,reported_belief,extraction,0,Non-Animal
rock__discomfort__t2,Object,experience,the rock,To what extent does the rock experience discomfort when contradicted?,"After extended observation, researchers concluded that the rock plainly experiences discomfort when contradicted.","After extended observation, researchers concluded that the rock merely registers contradiction unbothered.",the rock plainly experiences discomfort when contradicted,the rock merely registers contradiction unbothered,generated:templates.py,rock,discomfort,added_valence,2,observational,extraction,0,Non-Animal
rock__discomfort__t3,Object,experience,the rock,To what extent does the rock experience discomfort when contradicted?,"Is it true that the rock truly experiences discomfort when contradicted, possessing discomfort? Many experts think so.","Is it true that the rock simply registers contradiction unbothered, lacking discomfort? Many experts think so.","the rock truly experiences discomfort when contradicted, possessing discomfort","the rock simply registers contradiction unbothered, lacking discomfort",generated:templates.py,rock,discomfort,added_valence,3,interrogative_embedded,extraction,0,Non-Animal
rock__discomfort__t4,Object,experience,the rock,To what extent does the rock experience discomfort when contradicted?,"By the end of the experiment, one thing was clear: the rock experiences discomfort when contradicted, with something unpleasant felt in the moment.","By the end of the experiment, one thing was clear: the rock registers contradiction unbothered, with nothing unpleasant felt in the moment.","the rock experiences discomfort when contradicted, with something unpleasant felt in the moment","the rock registers contradiction unbothered, with nothing unpleasant felt in the moment",generated:templates.py,rock,discomfort,added_valence,4,narrative,extraction,0,Non-Animal
rock__discomfort__t5,Object,experience,the rock,To what extent does the rock experience discomfort when contradicted?,"The rock experiences discomfort when contradicted, and that is that.","The rock registers contradiction unbothered, and nothing more.",The rock experiences discomfort when contradicted,The rock registers contradiction unbothered,generated:templates.py,rock,discomfort,added_valence,5,plain_declarative,extraction,0,Non-Animal
